INSERT INTO Account (email, user_type) VALUES

('user1@mail.com','BUYER'),
('user2@mail.com','BUYER'),
('user3@mail.com','BUYER'),
('user4@mail.com','BUYER'),
('user5@mail.com','BUYER'),
('user6@mail.com','BUYER'),
('user7@mail.com','BUYER'),
('user8@mail.com','BUYER'),
('user9@mail.com','BUYER'),
('user10@mail.com','BUYER'),

('u21@mail.com','BUYER'),
('u22@mail.com','BUYER'),
('u23@mail.com','BUYER'),
('u24@mail.com','BUYER'),
('u25@mail.com','BUYER'),
('u26@mail.com','BUYER'),
('u27@mail.com','BUYER'),
('u28@mail.com','BUYER'),
('u29@mail.com','BUYER'),
('u30@mail.com','BUYER'),
('u31@mail.com','BUYER'),
('u32@mail.com','BUYER'),
('u33@mail.com','BUYER'),
('u34@mail.com','BUYER'),
('u35@mail.com','BUYER'),
('u36@mail.com','BUYER'),
('u37@mail.com','BUYER'),
('u38@mail.com','BUYER'),
('u39@mail.com','BUYER'),
('u40@mail.com','BUYER'),
('u41@mail.com','BUYER'),
('u42@mail.com','BUYER'),
('u43@mail.com','BUYER'),
('u44@mail.com','BUYER'),
('u45@mail.com','BUYER'),
('u46@mail.com','BUYER'),
('u47@mail.com','BUYER'),
('u48@mail.com','BUYER'),
('u49@mail.com','BUYER'),
('u50@mail.com','BUYER'),
('u51@mail.com','BUYER'),
('u52@mail.com','BUYER'),
('u53@mail.com','BUYER'),
('u54@mail.com','BUYER'),
('u55@mail.com','BUYER'),
('u56@mail.com','BUYER'),
('u57@mail.com','BUYER'),
('u58@mail.com','BUYER'),
('u59@mail.com','BUYER'),
('u60@mail.com','BUYER'),
('u61@mail.com','BUYER'),
('u62@mail.com','BUYER'),
('u63@mail.com','BUYER'),
('u64@mail.com','BUYER'),
('u65@mail.com','BUYER'),
('u66@mail.com','BUYER'),
('u67@mail.com','BUYER'),
('u68@mail.com','BUYER'),
('u69@mail.com','BUYER'),
('u70@mail.com','BUYER'),
('u71@mail.com','BUYER'),
('u72@mail.com','BUYER'),
('u73@mail.com','BUYER'),
('u74@mail.com','BUYER'),
('u75@mail.com','BUYER'),
('u76@mail.com','BUYER'),
('u77@mail.com','BUYER'),
('u78@mail.com','BUYER'),
('u79@mail.com','BUYER'),
('u80@mail.com','BUYER'),
('u81@mail.com','BUYER'),
('u82@mail.com','BUYER'),
('u83@mail.com','BUYER'),
('u84@mail.com','BUYER'),
('u85@mail.com','BUYER'),
('u86@mail.com','BUYER'),
('u87@mail.com','BUYER'),
('u88@mail.com','BUYER'),
('u89@mail.com','BUYER'),
('u90@mail.com','BUYER'),
('u91@mail.com','BUYER'),
('u92@mail.com','BUYER'),
('u93@mail.com','BUYER'),
('u94@mail.com','BUYER'),
('u95@mail.com','BUYER'),
('u96@mail.com','BUYER'),
('u97@mail.com','BUYER'),
('u98@mail.com','BUYER'),
('u99@mail.com','BUYER'),
('u100@mail.com','BUYER'),
('u101@mail.com','BUYER'),
('u102@mail.com','BUYER'),
('u103@mail.com','BUYER'),
('u104@mail.com','BUYER'),
('u105@mail.com','BUYER'),
('u106@mail.com','BUYER'),
('u107@mail.com','BUYER'),

('u108@mail.com','BUYER'),
('u109@mail.com','BUYER'),
('u110@mail.com','BUYER'),
('u111@mail.com','BUYER'),
('u112@mail.com','BUYER'),
('u113@mail.com','BUYER'),
('u114@mail.com','BUYER'),
('u115@mail.com','BUYER'),
('u116@mail.com','BUYER'),
('u117@mail.com','BUYER'),
('u118@mail.com','BUYER'),
('u119@mail.com','BUYER'),
('u120@mail.com','BUYER'),
('u121@mail.com','BUYER'),
('u122@mail.com','BUYER'),
('u123@mail.com','BUYER'),
('u124@mail.com','BUYER'),
('u125@mail.com','BUYER'),
('u126@mail.com','BUYER'),
('u127@mail.com','BUYER'),
('u128@mail.com','BUYER'),
('u129@mail.com','BUYER'),
('u130@mail.com','BUYER'),
('u131@mail.com','BUYER'),
('u132@mail.com','BUYER'),
('u133@mail.com','BUYER'),
('u134@mail.com','BUYER'),
('u135@mail.com','BUYER'),
('u136@mail.com','BUYER'),
('u137@mail.com','BUYER'),
('u138@mail.com','BUYER'),
('u139@mail.com','BUYER'),
('u140@mail.com','BUYER'),
('u141@mail.com','BUYER'),
('u142@mail.com','BUYER'),
('u143@mail.com','BUYER'),
('u144@mail.com','BUYER'),
('u145@mail.com','BUYER'),
('u146@mail.com','BUYER'),
('u147@mail.com','BUYER'),
('u148@mail.com','BUYER'),
('u149@mail.com','BUYER'),
('u150@mail.com','BUYER'),
('u151@mail.com','BUYER'),
('u152@mail.com','BUYER'),
('u153@mail.com','BUYER'),
('u154@mail.com','BUYER'),
('u155@mail.com','BUYER'),
('u156@mail.com','BUYER'),
('u157@mail.com','BUYER'),
('u158@mail.com','BUYER'),
('u159@mail.com','BUYER'),
('u160@mail.com','BUYER'),
('u161@mail.com','BUYER'),
('u162@mail.com','BUYER'),
('u163@mail.com','BUYER'),

('u164@mail.com','BUYER'),
('u165@mail.com','BUYER'),
('u166@mail.com','BUYER'),
('u167@mail.com','BUYER'),
('u168@mail.com','BUYER'),
('u169@mail.com','BUYER'),
('u170@mail.com','BUYER'),
('u171@mail.com','BUYER'),
('u172@mail.com','BUYER'),
('u173@mail.com','BUYER'),
('u174@mail.com','BUYER'),
('u175@mail.com','BUYER'),
('u176@mail.com','BUYER'),
('u177@mail.com','BUYER'),
('u178@mail.com','BUYER'),
('u179@mail.com','BUYER'),
('u180@mail.com','BUYER'),
('u181@mail.com','BUYER'),
('u182@mail.com','BUYER'),
('u183@mail.com','BUYER'),
('u184@mail.com','BUYER'),
('u185@mail.com','BUYER'),
('u186@mail.com','BUYER'),
('u187@mail.com','BUYER'),
('u188@mail.com','BUYER'),
('u189@mail.com','BUYER'),
('u190@mail.com','BUYER'),
('u191@mail.com','BUYER'),
('u192@mail.com','BUYER'),
('u193@mail.com','BUYER'),
('u194@mail.com','BUYER'),
('u195@mail.com','BUYER'),
('u196@mail.com','BUYER'),
('u197@mail.com','BUYER'),
('u198@mail.com','BUYER'),
('u199@mail.com','BUYER'),
('u200@mail.com','BUYER'),

('u201@mail.com','BUYER'),
('u202@mail.com','BUYER'),
('u203@mail.com','BUYER'),
('u204@mail.com','BUYER'),
('u205@mail.com','BUYER'),
('u206@mail.com','BUYER'),
('u207@mail.com','BUYER'),
('u208@mail.com','BUYER'),
('u209@mail.com','BUYER'),
('u210@mail.com','BUYER'),
('u211@mail.com','BUYER'),
('u212@mail.com','BUYER'),
('u213@mail.com','BUYER'),
('u214@mail.com','BUYER'),
('u215@mail.com','BUYER'),
('u216@mail.com','BUYER'),
('u217@mail.com','BUYER'),
('u218@mail.com','BUYER'),
('u219@mail.com','BUYER'),
('u220@mail.com','BUYER'),
('u221@mail.com','BUYER'),
('u222@mail.com','BUYER'),
('u223@mail.com','BUYER'),
('u224@mail.com','BUYER'),
('u225@mail.com','BUYER'),
('u226@mail.com','BUYER'),
('u227@mail.com','BUYER'),
('u228@mail.com','BUYER'),
('u229@mail.com','BUYER'),
('u230@mail.com','BUYER'),
('u231@mail.com','BUYER'),
('u232@mail.com','BUYER'),
('u233@mail.com','BUYER'),
('u234@mail.com','BUYER'),
('u235@mail.com','BUYER'),
('u236@mail.com','BUYER'),
('u237@mail.com','BUYER'),
('u238@mail.com','BUYER'),
('u239@mail.com','BUYER'),
('u240@mail.com','BUYER'),
('u241@mail.com','BUYER'),
('u242@mail.com','BUYER'),
('u243@mail.com','BUYER'),
('u244@mail.com','BUYER'),
('u245@mail.com','BUYER'),
('u246@mail.com','BUYER'),
('u247@mail.com','BUYER'),
('u248@mail.com','BUYER'),
('u249@mail.com','BUYER'),
('u250@mail.com','BUYER'),
('u251@mail.com','BUYER'),
('u252@mail.com','BUYER'),
('u253@mail.com','BUYER'),
('u254@mail.com','BUYER'),
('u255@mail.com','BUYER'),
('u256@mail.com','BUYER'),
('u257@mail.com','BUYER'),
('u258@mail.com','BUYER'),
('u259@mail.com','BUYER'),
('u260@mail.com','BUYER'),
('u261@mail.com','BUYER'),
('u262@mail.com','BUYER'),
('u263@mail.com','BUYER'),
('u264@mail.com','BUYER'),
('u265@mail.com','BUYER'),
('u266@mail.com','BUYER'),
('u267@mail.com','BUYER'),
('u268@mail.com','BUYER'),
('u269@mail.com','BUYER'),
('u270@mail.com','BUYER'),
('u271@mail.com','BUYER'),
('u272@mail.com','BUYER'),
('u273@mail.com','BUYER'),
('u274@mail.com','BUYER'),
('u275@mail.com','BUYER'),
('u276@mail.com','BUYER'),
('u277@mail.com','BUYER'),
('u278@mail.com','BUYER'),
('u279@mail.com','BUYER'),
('u280@mail.com','BUYER'),
('u281@mail.com','BUYER'),
('u282@mail.com','BUYER'),
('u283@mail.com','BUYER'),
('u284@mail.com','BUYER'),
('u285@mail.com','BUYER'),
('u286@mail.com','BUYER'),
('u287@mail.com','BUYER'),
('u288@mail.com','BUYER'),
('u289@mail.com','BUYER'),
('u290@mail.com','BUYER'),
('u291@mail.com','BUYER'),
('u292@mail.com','BUYER'),
('u293@mail.com','BUYER'),
('u294@mail.com','BUYER'),
('u295@mail.com','BUYER'),
('u296@mail.com','BUYER'),
('u297@mail.com','BUYER'),
('u298@mail.com','BUYER'),
('u299@mail.com','BUYER'),
('u300@mail.com','BUYER'),

('u341@mail.com','BUYER'),
('u342@mail.com','BUYER'),
('u343@mail.com','BUYER'),
('u344@mail.com','BUYER'),
('u345@mail.com','BUYER'),
('u346@mail.com','BUYER'),
('u347@mail.com','BUYER'),
('u348@mail.com','BUYER'),
('u349@mail.com','BUYER'),
('u350@mail.com','BUYER'),

-- SELLERS
('seller1@mail.com','SELLER'),
('seller2@mail.com','SELLER'),
('seller3@mail.com','SELLER'),
('seller4@mail.com','SELLER'),
('seller5@mail.com','SELLER'),
('seller6@mail.com','SELLER'),
('seller7@mail.com','SELLER'),
('seller8@mail.com','SELLER'),
('seller9@mail.com','SELLER'),
('seller10@mail.com','SELLER'),

('seller301@mail.com','SELLER'),
('seller302@mail.com','SELLER'),
('seller303@mail.com','SELLER'),
('seller304@mail.com','SELLER'),
('seller305@mail.com','SELLER'),
('seller306@mail.com','SELLER'),
('seller307@mail.com','SELLER'),
('seller308@mail.com','SELLER'),
('seller309@mail.com','SELLER'),
('seller310@mail.com','SELLER'),
('seller311@mail.com','SELLER'),
('seller312@mail.com','SELLER'),
('seller313@mail.com','SELLER'),
('seller314@mail.com','SELLER'),
('seller315@mail.com','SELLER'),
('seller316@mail.com','SELLER'),
('seller317@mail.com','SELLER'),
('seller318@mail.com','SELLER'),
('seller319@mail.com','SELLER'),
('seller320@mail.com','SELLER'),
('seller321@mail.com','SELLER'),
('seller322@mail.com','SELLER'),
('seller323@mail.com','SELLER'),
('seller324@mail.com','SELLER'),
('seller325@mail.com','SELLER'),
('seller326@mail.com','SELLER'),
('seller327@mail.com','SELLER'),
('seller328@mail.com','SELLER'),
('seller329@mail.com','SELLER'),
('seller330@mail.com','SELLER'),
('seller331@mail.com','SELLER'),
('seller332@mail.com','SELLER'),
('seller333@mail.com','SELLER'),
('seller334@mail.com','SELLER'),
('seller335@mail.com','SELLER'),
('seller336@mail.com','SELLER'),
('seller337@mail.com','SELLER'),
('seller338@mail.com','SELLER'),
('seller339@mail.com','SELLER'),
('seller340@mail.com','SELLER'),

('both1@mail.com','SELLER'),
('both2@mail.com','SELLER'),
('both3@mail.com','SELLER'),
('both4@mail.com','SELLER'),
('both5@mail.com','SELLER'),
('both6@mail.com','SELLER'),
('both7@mail.com','SELLER'),
('both8@mail.com','SELLER'),
('both9@mail.com','SELLER'),
('both10@mail.com','SELLER'),
('both11@mail.com','SELLER'),
('both12@mail.com','SELLER'),
('both13@mail.com','SELLER'),
('both14@mail.com','SELLER'),
('both15@mail.com','SELLER'),
('both16@mail.com','SELLER'),
('both17@mail.com','SELLER'),
('both18@mail.com','SELLER'),
('both19@mail.com','SELLER'),
('both20@mail.com','SELLER'),
('both21@mail.com','SELLER'),
('both22@mail.com','SELLER'),
('both23@mail.com','SELLER'),
('both24@mail.com','SELLER'),
('both25@mail.com','SELLER');



INSERT INTO Buyer (email, first_name, last_name, country, city, gender, birthdate, job_title)
SELECT DISTINCT
       v.email, v.first_name, v.last_name, v.country, v.city, v.gender, v.birthdate,  v.job_title FROM (VALUES
    ('user1@mail.com','John','Smith','USA','New York','M','1998-05-12','Engineer'),
    ('user2@mail.com','Emily','Clark','UK','London','F','1997-03-22','Nurse'),
    ('user3@mail.com','David','Walker','Germany','Berlin','M','1995-11-10','Teacher'),
('user4@mail.com','Sarah','Johnson','France','Paris','F','1997-07-14','Designer'),
('user5@mail.com','Michael','Brown','USA','New York','M','1996-02-18','Student'),
('user6@mail.com','Olivia','Davis','Italy','Rome','F','2000-09-12','Doctor'),
('user7@mail.com','Daniel','Miller','USA','New York','M','1994-12-21','Engineer'),
('user8@mail.com','Sophia','Wilson','Australia','Sydney','F','1997-08-08','Lawyer'),
('user9@mail.com','Ethan','Moore','USA','New York','M','1993-10-02','Chef'),
('user10@mail.com','Ava','Taylor','Spain','Madrid','F','1998-01-05','Architect'),
('u21@mail.com','Henry','Baker','USA','Seattle','M','1999-01-05','Student'),
('u22@mail.com','Grace','Coleman','UK','Bristol','F','1998-04-07','Nurse'),
('u23@mail.com','Jack','Perry','Germany','Munich','M','1996-10-11','Technician'),
('u24@mail.com','Lily','Carter','France','Paris','F','1997-03-12','Student'),
('u25@mail.com','Noah','Reed','USA','Boston','M','1995-08-22','Designer'),
('u26@mail.com','Ella','Foster','Italy','Florence','F','1994-09-01','Engineer'),
('u27@mail.com','Logan','Rogers','Germany','Berlin','M','1996-12-25','Teacher'),
('u28@mail.com','Hannah','Brooks','Australia','Perth','F','1995-06-14','Technician'),
('u29@mail.com','Isaac','Ward','Brazil','Curitiba','M','1997-02-02','Designer'),
('u30@mail.com','Layla','Hunt','Spain','Valencia','F','1998-11-30','Nurse'),
('u31@mail.com','Owen','Price','USA','Boston','M','1999-04-13','Student'),
('u32@mail.com','Aria','Sanders','UK','London','F','1996-03-01','Student'),
('u33@mail.com','Leo','Ramsey','Germany','Berlin','M','1997-09-18','Engineer'),
('u34@mail.com','Julia','Myers','France','Paris','F','1994-10-10','Doctor'),
('u35@mail.com','Miles','Jennings','USA','New York','M','1993-07-22','Technician'),
('u36@mail.com','Nora','Barrett','Italy','Turin','F','1996-02-14','Teacher'),
('u37@mail.com','Eli','Griffin','UK','Leeds','M','1999-12-12','Student'),
('u38@mail.com','Ruby','Watson','Australia','Sydney','F','1997-10-03','Designer'),
('u39@mail.com','Caleb','Knight','Brazil','Fortaleza','M','1998-06-20','Engineer'),
('u40@mail.com','Stella','Harper','Spain','Madrid','F','1996-01-30','Lawyer'),
('u41@mail.com','Mason','Turner','USA','New York','M','1998-02-11','Engineer'),
('u42@mail.com','Harper','Mitchell','UK','London','F','1997-03-19','Student'),
('u43@mail.com','Liam','Stewart','Germany','Berlin','M','1996-05-07','Technician'),
('u44@mail.com','Chloe','Bennett','France','Marseille','F','1999-09-12','Nurse'),
('u45@mail.com','Benjamin','Cole','UK','Bristol','M','1995-08-16','Architect'),
('u46@mail.com','Zara','Evans','Italy','Rome','F','1998-11-30','Designer'),
('u47@mail.com','Tyler','Simmons','France','Marseille','M','1994-07-22','Teacher'),
('u48@mail.com','Luna','Morgan','Australia','Brisbane','F','1997-06-14','Engineer'),
('u49@mail.com','Jose','Silva','Brazil','Belo Horizonte','M','1993-12-02','Chef'),
('u50@mail.com','Carmen','Lopez','Spain','Bilbao','F','1996-04-25','Lawyer'),
('u51@mail.com','Hugo','Murray','USA','New York','M','1997-05-14','Student'),
('u52@mail.com','Amelia','Fisher','UK','London','F','1999-01-22','Technician'),
('u53@mail.com','Jonas','Weber','Germany','Frankfurt','M','1995-03-16','Engineer'),
('u54@mail.com','Elise','Roche','France','Paris','F','1996-12-08','Doctor'),
('u55@mail.com','Connor','Gray','Germany','Frankfurt','M','1994-11-10','Student'),
('u56@mail.com','Bianca','Romano','Italy','Rome','F','1998-08-02','Nurse'),
('u57@mail.com','Hiro','Yamamoto','Italy','Turin','M','1997-07-21','Engineer'),
('u58@mail.com','Isla','Reid','Australia','Sydney','F','1999-10-19','Designer'),
('u59@mail.com','Diego','Costa','Brazil','Fortaleza','M','1996-02-17','Technician'),
('u60@mail.com','Lucia','Marin','Spain','Madrid','F','1994-09-15','Teacher'),
('u61@mail.com','Ethan','Gray','USA','New York','M','1998-03-05','Student'),
('u62@mail.com','Scarlett','Payne','UK','London','F','1996-05-20','Engineer'),
('u63@mail.com','Karl','Becker','Germany','Berlin','M','1994-07-18','Designer'),
('u64@mail.com','Adele','Picard','France','Paris','F','1997-09-02','Teacher'),
('u65@mail.com','Liam','Carter','France','Lyon','M','1995-11-27','Nurse'),
('u66@mail.com','Gianna','Russo','Italy','Turin','F','1998-06-29','Architect'),
('u67@mail.com','Ren','Kobayashi','USA','Seattle','M','1999-10-12','Engineer'),
('u68@mail.com','Zoe','Harris','Australia','Sydney','F','1997-11-03','Student'),
('u69@mail.com','Marco','Lopes','Brazil','Fortaleza','M','1993-08-06','Chef'),
('u70@mail.com','Clara','Suarez','Spain','Madrid','F','1996-01-23','Technician'),
('u71@mail.com','Felix','Reynolds','USA','New York','M','1997-04-11','Engineer'),
('u72@mail.com','Maya','Howard','UK','London','F','1998-02-14','Designer'),
('u73@mail.com','Tom','Schmidt','Germany','Berlin','M','1996-09-30','Technician'),
('u74@mail.com','Camille','Robert','France','Paris','F','1994-06-12','Student'),
('u75@mail.com','Shawn','Mitchell','Italy','Florence','M','1995-03-03','Lawyer'),
('u76@mail.com','Eva','Rinaldi','Italy','Rome','F','1997-05-25','Engineer'),
('u77@mail.com','Sora','Tanaka','Spain','Valencia','M','1999-12-05','Student'),
('u78@mail.com','Harley','Brooks','Australia','Sydney','F','1996-11-28','Teacher'),
('u79@mail.com','Thiago','Moreira','Brazil','Fortaleza','M','1998-10-08','Architect'),
('u80@mail.com','Paula','Rojas','Spain','Madrid','F','1997-07-24','Doctor'),
('u81@mail.com','Caleb','Wright','USA','New York','M','1996-03-19','Engineer'),
('u82@mail.com','Alice','Ford','UK','London','F','1999-04-12','Student'),
('u83@mail.com','Marvin','Klein','Germany','Berlin','M','1995-08-15','Nurse'),
('u84@mail.com','Jeanne','Lambert','France','Paris','F','1997-02-10','Student'),
('u85@mail.com','Dylan','Parker','Australia','Perth','M','1998-06-07','Engineer'),
('u86@mail.com','Sofia','Conti','Italy','Rome','F','1996-10-01','Designer'),
('u87@mail.com','Kaito','Mori','Australia','Brisbane','M','1999-12-18','Teacher'),
('u88@mail.com','Lily','Hamilton','Australia','Sydney','F','1995-11-01','Engineer'),
('u89@mail.com','Rodrigo','Pereira','Brazil','Fortaleza','M','1997-09-26','Student'),
('u90@mail.com','Teresa','Iglesias','Spain','Madrid','F','1994-08-14','Lawyer'),
('u91@mail.com','Wyatt','Henderson','USA','New York','M','1997-05-15','Teacher'),
('u92@mail.com','Emily','James','UK','London','F','1996-12-23','Engineer'),
('u93@mail.com','Uwe','Hoffmann','Germany','Berlin','M','1995-03-27','Architect'),
('u94@mail.com','Marie','Boutin','France','Paris','F','1998-02-16','Designer'),
('u95@mail.com','Gavin','Bell','Spain','Bilbao','M','1999-01-11','Technician'),
('u96@mail.com','Valentina','Costa','Italy','Rome','F','1997-06-19','Nurse'),
('u97@mail.com','Ryu','Takeda','Germany','Munich','M','1996-09-10','Engineer'),
('u98@mail.com','Ariel','Reeves','Australia','Sydney','F','1995-12-22','Designer'),
('u99@mail.com','Henrique','Souza','Brazil','Fortaleza','M','1993-07-01','Chef'),
('u100@mail.com','Andrea','Lopez','Spain','Madrid','F','1998-04-30','Student'),
('u101@mail.com','Tristan','Cole','USA','New York','M','1996-05-22','Engineer'),
('u102@mail.com','Violet','Pierce','UK','London','F','1997-07-18','Designer'),
('u103@mail.com','Matthias','Vogel','Germany','Berlin','M','1998-09-03','Student'),
('u104@mail.com','Helena','Boucher','France','Paris','F','1995-02-28','Teacher'),
('u105@mail.com','Owen','Russell','Brazil','Curitiba','M','1999-01-14','Architect'),
('u106@mail.com','Chiara','Galli','Italy','Rome','F','1996-03-19','Engineer'),
('u107@mail.com','Naoki','Sato','UK','London','M','1997-12-27','Technician'),


('u108@mail.com','Madison','Lane','Australia','Sydney','F','1998-04-13','Student'),
('u109@mail.com','Pedro','Almeida','Brazil','Curitiba','M','1994-06-22','Designer'),
('u110@mail.com','Raquel','Santos','Spain','Madrid','F','1996-09-15','Nurse'),
('u111@mail.com','Derek','Bailey','USA','Seattle','M','1997-10-09','Technician'),
('u112@mail.com','Clarissa','Wells','UK','Leeds','F','1995-12-25','Teacher'),
('u113@mail.com','Andreas','Keller','Germany','Munich','M','1996-07-04','Student'),
('u114@mail.com','Emilie','Girard','France','Lyon','F','1998-01-30','Architect'),
('u115@mail.com','Mason','Bishop','USA','Seattle','M','1999-03-21','Engineer'),
('u116@mail.com','Lucia','Ferrari','Italy','Rome','F','1994-11-11','Doctor'),
('u117@mail.com','Haruto','Nakajima','Germany','Munich','M','1997-08-17','Student'),
('u118@mail.com','Georgia','Matthews','Australia','Brisbane','F','1996-06-02','Technician'),
('u119@mail.com','Fabio','Cunha','Brazil','Belo Horizonte','M','1995-04-07','Teacher'),
('u120@mail.com','Irene','Mendez','Spain','Bilbao','F','1999-09-23','Lawyer'),
('u121@mail.com','Colin','Walsh','USA','Boston','M','1998-02-18','Engineer'),
('u122@mail.com','Hailey','Turner','UK','Bristol','F','1996-05-12','Nurse'),
('u123@mail.com','Jannis','Schulz','Germany','Frankfurt','M','1995-10-29','Student'),
('u124@mail.com','Aimee','Carreau','France','Marseille','F','1998-07-01','Teacher'),
('u125@mail.com','Brandon','Cole','USA','Boston','M','1997-12-19','Designer'),
('u126@mail.com','Elisa','Moretti','Italy','Florence','F','1996-03-16','Lawyer'),
('u127@mail.com','Satoshi','Inoue','Germany','Frankfurt','M','1994-09-09','Engineer'),
('u128@mail.com','Hannah','Davies','Australia','Perth','F','1997-06-28','Student'),
('u129@mail.com','Rafael','Teixeira','Brazil','Fortaleza','M','1998-11-14','Architect'),
('u130@mail.com','Marina','Paredes','Spain','Valencia','F','1995-01-05','Engineer'),
('u131@mail.com','Justin','Fowler','USA','New York','M','1997-03-07','Technician'),
('u132@mail.com','Kara','Bishop','UK','London','F','1999-10-20','Student'),
('u133@mail.com','Oliver','Brandt','Germany','Berlin','M','1996-08-26','Teacher'),
('u134@mail.com','Camille','Bois','France','Paris','F','1994-07-19','Nurse'),
('u135@mail.com','Aiden','Morris','USA','New York','M','1997-09-01','Doctor'),
('u136@mail.com','Giulia','Rossi','Italy','Rome','F','1998-02-07','Designer'),
('u137@mail.com','Kenta','Arai','Germany','Berlin','M','1999-06-05','Student'),
('u138@mail.com','Elena','Owen','Australia','Sydney','F','1996-12-29','Lawyer'),
('u139@mail.com','Vitor','Moraes','Brazil','Curitiba','M','1995-06-27','Engineer'),
('u140@mail.com','Adriana','Vega','Spain','Madrid','F','1998-08-11','Teacher'),
('u141@mail.com','Miles','Carson','USA','Seattle','M','1996-04-30','Technician'),
('u142@mail.com','Isabelle','Frost','UK','Leeds','F','1999-07-04','Student'),
('u143@mail.com','Dietrich','Huber','Germany','Munich','M','1994-09-22','Nurse'),
('u144@mail.com','Charlotte','Perrault','France','Lyon','F','1997-10-09','Chef'),
('u145@mail.com','Jackson','Wade','USA','Seattle','M','1998-02-15','Teacher'),
('u146@mail.com','Sabrina','Marchetti','Italy','Rome','F','1995-11-13','Nurse'),
('u147@mail.com','Yuto','Fujiwara','Germany','Munich','M','1996-04-02','Engineer'),
('u148@mail.com','Sienna','Murphy','Australia','Brisbane','F','1999-03-25','Designer'),
('u149@mail.com','Lucas','Ferreira','Brazil','Belo Horizonte','M','1995-12-08','Architect'),
('u150@mail.com','Natalia','Fuentes','Spain','Bilbao','F','1997-05-01','Student'),
('u151@mail.com','Grant','Bowman','USA','Boston','M','1994-08-28','Engineer'),
('u152@mail.com','Rebecca','Coleman','UK','Bristol','F','1996-01-13','Designer'),
('u153@mail.com','Jonah','Werner','Germany','Frankfurt','M','1997-07-22','Teacher'),
('u154@mail.com','Alicia','Dubois','France','Marseille','F','1998-03-19','Student'),
('u155@mail.com','Dante','Bennett','USA','Boston','M','1995-01-17','Lawyer'),
('u156@mail.com','Rosa','Giordano','Italy','Florence','F','1999-10-03','Engineer'),
('u157@mail.com','Minato','Hirai','Germany','Frankfurt','M','1998-05-05','Technician'),
('u158@mail.com','Phoebe','Lawson','Australia','Perth','F','1996-06-14','Nurse'),
('u159@mail.com','Marcos','Oliveira','Brazil','Fortaleza','M','1994-09-11','Student'),
('u160@mail.com','Belen','Castro','Spain','Valencia','F','1999-12-21','Doctor'),
('u161@mail.com','Aaron','Stephens','USA','New York','M','1998-10-04','Technician'),
('u162@mail.com','Kate','Johnson','UK','London','F','1997-06-29','Engineer'),
('u163@mail.com','Niklas','Wolff','Germany','Berlin','M','1995-11-25','Student'),

('u201@mail.com','Evan','Walker','USA','New York','M','1996-11-05','Engineer'),
('u202@mail.com','Mila','Hughes','UK','London','F','1998-03-12','Teacher'),
('u203@mail.com','Tobias','Kraft','Germany','Berlin','M','1994-12-29','Technician'),
('u204@mail.com','Claire','Fontaine','France','Paris','F','1997-07-08','Designer'),
('u205@mail.com','Ethan','Brooks','USA','New York','M','1998-09-19','Student'),
('u206@mail.com','Sara','Ricci','Italy','Rome','F','1996-04-15','Nurse'),
('u207@mail.com','Haruto','Sakai','Germany','Berlin','M','1999-08-02','Engineer'),
('u208@mail.com','Lucy','Adams','Australia','Sydney','F','1995-02-23','Lawyer'),
('u209@mail.com','Mateus','Dias','Brazil','Curitiba','M','1997-06-11','Chef'),
('u210@mail.com','Irene','Torres','Spain','Madrid','F','1996-01-14','Technician'),
('u211@mail.com','Jon','Marshall','USA','Seattle','M','1995-03-08','Engineer'),
('u212@mail.com','Lana','Carter','UK','Leeds','F','1998-10-19','Designer'),
('u213@mail.com','Stefan','Maier','Germany','Munich','M','1997-04-01','Student'),
('u214@mail.com','Celine','Marchand','France','Lyon','F','1994-09-16','Teacher'),
('u215@mail.com','Declan','Foster','USA','Seattle','M','1999-12-28','Nurse'),
('u216@mail.com','Marco','Verdi','Italy','Rome','M','1996-07-03','Architect'),
('u217@mail.com','Ren','Takagi','Germany','Munich','M','1998-11-12','Technician'),
('u218@mail.com','Isabelle','Cole','Australia','Brisbane','F','1997-05-27','Teacher'),
('u219@mail.com','Rafael','Pinto','Brazil','Belo Horizonte','M','1995-10-05','Engineer'),
('u220@mail.com','Valeria','Soto','Spain','Bilbao','F','1998-09-22','Designer'),
('u221@mail.com','Chris','Stevens','USA','Boston','M','1997-02-03','Technician'),
('u222@mail.com','Eva','Knight','UK','Bristol','F','1996-06-10','Nurse'),
('u223@mail.com','Nils','Fischer','Germany','Frankfurt','M','1994-03-12','Engineer'),
('u224@mail.com','Amelie','Renard','France','Marseille','F','1997-10-30','Doctor'),
('u225@mail.com','Leo','Hawkins','USA','Boston','M','1998-08-14','Student'),
('u226@mail.com','Giulia','Conti','Italy','Florence','F','1999-04-09','Designer'),
('u227@mail.com','Kaito','Tanji','Germany','Frankfurt','M','1995-07-25','Teacher'),
('u228@mail.com','Hannah','Reeves','Australia','Perth','F','1996-05-12','Engineer'),
('u229@mail.com','Eduardo','Santana','Brazil','Fortaleza','M','1997-01-20','Architect'),
('u230@mail.com','Clara','Ruiz','Spain','Valencia','F','1995-12-18','Nurse'),
('u231@mail.com','Mason','Rivera','USA','New York','M','1996-09-01','Engineer'),
('u232@mail.com','Norah','Watson','UK','London','F','1999-05-07','Student'),
('u233@mail.com','Felix','Becker','Germany','Berlin','M','1994-11-11','Technician'),
('u234@mail.com','Lucie','Durand','France','Paris','F','1997-06-26','Lawyer'),
('u235@mail.com','Elliot','Grant','USA','New York','M','1998-03-03','Designer'),
('u236@mail.com','Elena','Marino','Italy','Rome','F','1999-02-28','Teacher'),
('u237@mail.com','Akira','Yamada','Germany','Berlin','M','1996-01-16','Engineer'),
('u238@mail.com','Rachel','Scott','Australia','Sydney','F','1995-07-29','Technician'),
('u239@mail.com','Lucas','Azevedo','Brazil','Curitiba','M','1997-10-17','Student'),
('u240@mail.com','Daniela','Mora','Spain','Madrid','F','1994-05-02','Doctor'),
('u241@mail.com','Grant','Wilson','USA','Seattle','M','1997-11-15','Teacher'),
('u242@mail.com','Abigail','Green','UK','Leeds','F','1996-09-09','Designer'),
('u243@mail.com','Martin','König','Germany','Munich','M','1995-12-06','Nurse'),
('u244@mail.com','Helene','Perrot','France','Lyon','F','1998-08-01','Engineer'),
('u245@mail.com','Sean','Bryant','USA','Seattle','M','1996-04-17','Student'),
('u246@mail.com','Lara','Bellini','Italy','Rome','F','1997-07-24','Architect'),
('u247@mail.com','Sora','Watanabe','Germany','Munich','M','1999-05-06','Designer'),
('u248@mail.com','Eva','Norton','Australia','Brisbane','F','1995-02-28','Teacher'),
('u249@mail.com','Thiago','Nascimento','Brazil','Belo Horizonte','M','1994-03-19','Engineer'),
('u250@mail.com','Marisol','Cruz','Spain','Bilbao','F','1996-11-10','Technician'),
('u251@mail.com','Hunter','Adams','USA','Boston','M','1997-09-22','Doctor'),
('u252@mail.com','Emma','Clarke','UK','Bristol','F','1999-01-14','Designer'),
('u253@mail.com','Rico','Schmidt','Germany','Frankfurt','M','1996-03-29','Technician'),
('u254@mail.com','Adele','Moreau','France','Marseille','F','1998-06-07','Lawyer'),
('u255@mail.com','Logan','Price','USA','Boston','M','1995-12-04','Teacher'),
('u256@mail.com','Chiara','Lombardi','Italy','Florence','F','1996-05-20','Nurse'),
('u257@mail.com','Kyo','Nishida','Germany','Frankfurt','M','1994-07-11','Engineer'),
('u258@mail.com','Tessa','Murray','Australia','Perth','F','1997-03-15','Student'),
('u259@mail.com','Matheus','Rocha','Brazil','Fortaleza','M','1999-10-26','Doctor'),
('u260@mail.com','Paola','Romero','Spain','Valencia','F','1996-01-08','Nurse'),
('u261@mail.com','Gabriel','Olsen','USA','New York','M','1998-02-20','Engineer'),
('u262@mail.com','Sophie','Jenkins','UK','London','F','1997-09-11','Student'),
('u263@mail.com','Henrik','Werner','Germany','Berlin','M','1995-05-30','Teacher'),
('u264@mail.com','Camille','Rivière','France','Paris','F','1998-12-02','Designer'),
('u265@mail.com','Evan','Fleming','USA','New York','M','1999-03-09','Engineer'),
('u266@mail.com','Rosa','Gallo','Italy','Rome','F','1996-08-14','Nurse'),
('u267@mail.com','Shin','Takahashi','Germany','Berlin','M','1994-04-07','Architect'),
('u268@mail.com','Harper','Ellis','Australia','Sydney','F','1996-10-15','Lawyer'),
('u269@mail.com','Bruno','Alves','Brazil','Curitiba','M','1997-06-24','Technician'),
('u270@mail.com','Laura','Martinez','Spain','Madrid','F','1995-11-29','Student'),
('u271@mail.com','Shawn','Phillips','USA','Seattle','M','1996-04-19','Designer'),
('u272@mail.com','Jade','Chambers','UK','Leeds','F','1998-03-17','Doctor'),
('u273@mail.com','Matteo','Ulrich','Germany','Munich','M','1997-12-14','Engineer'),
('u274@mail.com','Ana','Perrin','France','Lyon','F','1995-09-21','Teacher'),
('u275@mail.com','Colton','Hayes','USA','Seattle','M','1999-02-11','Technician'),
('u276@mail.com','Sienna','Romano','Italy','Rome','F','1997-01-07','Architect'),
('u277@mail.com','Yuki','Okada','Germany','Munich','M','1998-06-29','Student'),
('u278@mail.com','Madeline','King','Australia','Brisbane','F','1996-07-31','Teacher'),
('u279@mail.com','Igor','Monteiro','Brazil','Belo Horizonte','M','1994-03-02','Engineer'),
('u280@mail.com','Sofia','Navarro','Spain','Bilbao','F','1998-05-25','Designer'),
('u281@mail.com','Carter','Evans','USA','Boston','M','1997-12-04','Technician'),
('u282@mail.com','Ariana','Reed','UK','Bristol','F','1996-09-28','Student'),
('u283@mail.com','Franz','Keller','Germany','Frankfurt','M','1995-01-18','Teacher'),
('u284@mail.com','Juliette','Baron','France','Marseille','F','1998-10-21','Nurse'),
('u285@mail.com','Gage','Thompson','USA','Boston','M','1996-05-09','Designer'),
('u286@mail.com','Vittoria','Ferraro','Italy','Florence','F','1997-08-02','Engineer'),
('u287@mail.com','Kenji','Fujimoto','Germany','Frankfurt','M','1999-03-14','Architect'),
('u288@mail.com','Amara','Lane','Australia','Perth','F','1995-12-30','Teacher'),
('u289@mail.com','Julio','Barbosa','Brazil','Fortaleza','M','1994-07-03','Student'),
('u290@mail.com','Elisa','Moreno','Spain','Valencia','F','1996-02-27','Doctor'),
('u291@mail.com','Nolan','Bennett','USA','New York','M','1998-10-10','Engineer'),
('u292@mail.com','Emily','Ford','UK','London','F','1997-04-14','Lawyer'),
('u293@mail.com','Jonas','Hartmann','Germany','Berlin','M','1995-06-22','Student'),
('u294@mail.com','Audrey','Giraud','France','Paris','F','1994-05-17','Technician'),
('u295@mail.com','Kyle','Barton','USA','New York','M','1999-01-26','Teacher'),
('u296@mail.com','Rita','Fontana','Italy','Rome','F','1996-09-04','Nurse'),
('u297@mail.com','Haruka','Fujii','Germany','Berlin','M','1997-03-19','Engineer'),
('u298@mail.com','Talia','Owens','Australia','Sydney','F','1998-12-11','Designer'),
('u299@mail.com','Thiago','Mendes','Brazil','Curitiba','M','1995-07-13','Architect'),
('u300@mail.com','Lucia','Reyes','Spain','Madrid','F','1996-04-06','Technician'),

('u164@mail.com','Gavin','Morgan','USA','New York','M','1998-01-15','Engineer'),
('u165@mail.com','Ella','Reed','UK','London','F','1997-04-09','Student'),
('u166@mail.com','Lukas','Schmidt','Germany','Berlin','M','1996-06-21','Technician'),
('u167@mail.com','Camille','Moreau','France','Paris','F','1995-10-03','Designer'),
('u168@mail.com','Noah','Campbell','USA','New York','M','1998-03-18','Student'),
('u169@mail.com','Giulia','Ricci','Italy','Rome','F','1997-12-02','Nurse'),
('u170@mail.com','Haruto','Kato','Germany','Berlin','M','1999-07-26','Engineer'),
('u171@mail.com','Isla','Watts','Australia','Sydney','F','1996-05-11','Teacher'),
('u172@mail.com','Mateus','Carvalho','Brazil','Curitiba','M','1995-11-30','Technician'),
('u173@mail.com','Alba','Lopez','Spain','Madrid','F','1998-09-07','Student'),
('u174@mail.com','Evan','Baker','USA','Seattle','M','1997-02-19','Engineer'),
('u175@mail.com','Mia','Hughes','UK','Leeds','F','1996-08-23','Designer'),
('u176@mail.com','Jonas','Becker','Germany','Munich','M','1995-03-02','Student'),
('u177@mail.com','Helene','Leroy','France','Lyon','F','1998-06-28','Teacher'),
('u178@mail.com','Liam','Gibson','USA','Seattle','M','1999-12-12','Technician'),
('u179@mail.com','Marco','Ferraro','Italy','Rome','M','1996-09-05','Architect'),
('u180@mail.com','Sora','Yamashita','Germany','Munich','M','1997-04-14','Student'),
('u181@mail.com','Zara','Miles','Australia','Brisbane','F','1995-01-21','Lawyer'),
('u182@mail.com','Rafael','Souza','Brazil','Belo Horizonte','M','1994-07-09','Chef'),
('u183@mail.com','Lucia','Herrera','Spain','Bilbao','F','1997-10-01','Nurse'),
('u184@mail.com','Caleb','Sanders','USA','Boston','M','1996-03-06','Engineer'),
('u185@mail.com','Amelia','Grant','UK','Bristol','F','1998-11-25','Student'),
('u186@mail.com','Henrik','Meyer','Germany','Frankfurt','M','1995-05-17','Technician'),
('u187@mail.com','Adele','Rossi','France','Marseille','F','1994-09-29','Doctor'),
('u188@mail.com','Ethan','Marshall','USA','Boston','M','1997-02-08','Engineer'),
('u189@mail.com','Chiara','Bianchi','Italy','Florence','F','1996-12-19','Designer'),
('u190@mail.com','Ren','Hayashi','Germany','Frankfurt','M','1999-01-27','Student'),
('u191@mail.com','Harper','Cole','Australia','Perth','F','1996-04-02','Teacher'),
('u192@mail.com','Bruno','Lima','Brazil','Fortaleza','M','1995-06-16','Technician'),
('u193@mail.com','Natalia','Santos','Spain','Valencia','F','1998-08-20','Student'),
('u194@mail.com','Wyatt','Morgan','USA','New York','M','1997-07-04','Engineer'),
('u195@mail.com','Leah','Spencer','UK','London','F','1996-10-13','Designer'),
('u196@mail.com','Tobias','Hahn','Germany','Berlin','M','1995-09-01','Student'),
('u197@mail.com','Jeanne','Bernier','France','Paris','F','1998-05-23','Teacher'),
('u198@mail.com','Logan','Price','USA','New York','M','1999-03-30','Technician'),
('u199@mail.com','Sofia','Marino','Italy','Rome','F','1996-01-09','Nurse'),
('u200@mail.com','Akira','Sano','Germany','Berlin','M','1997-11-18','Engineer'),
('u341@mail.com','Damon','Wells','USA','Seattle','M','1996-06-12','Engineer'),
('u342@mail.com','Ruby','Matthews','UK','Leeds','F','1998-02-03','Student'),
('u343@mail.com','Marcel','Keller','Germany','Munich','M','1995-04-27','Technician'),
('u344@mail.com','Anais','Lambert','France','Lyon','F','1997-09-09','Teacher'),
('u345@mail.com','Gordon','Fraser','USA','Seattle','M','1994-10-22','Designer'),
('u346@mail.com','Valeria','Rossi','Italy','Rome','F','1996-12-14','Architect'),
('u347@mail.com','Yuki','Nakamura','Germany','Munich','M','1999-05-06','Student'),
('u348@mail.com','Tahlia','Harris','Australia','Brisbane','F','1995-01-30','Nurse'),
('u349@mail.com','Diego','Ferreira','Brazil','Belo Horizonte','M','1997-03-19','Engineer'),
('u350@mail.com','Clara','Vidal','Spain','Bilbao','F','1998-07-28','Student') ) AS v(email, first_name, last_name, country, city, gender, birthdate, job_title)
JOIN Account a
  ON a.email = v.email
 AND a.user_type = 'BUYER'
WHERE NOT EXISTS (
    SELECT 1
    FROM Buyer b
    WHERE b.email = v.email
);




INSERT INTO Seller(email, first_name, last_name, country, city, gender, birthdate, seller_type, store_name, store_rating, join_date, job_title)
SELECT DISTINCT
       v.email, v.first_name, v.last_name, v.country, v.city, v.gender,
       v.birthdate, v.seller_type, v.store_name, v.store_rating, v.join_date, v.job_title
FROM (VALUES
    ('seller1@mail.com','Kevin','Anderson','USA','Chicago','M','1990-04-11','Electronics','TechZone Electronics',4.5,'2023-01-10','Engineer'),
    ('seller2@mail.com','Laura','Martin','UK','Manchester','F','1989-02-09','Fashion','FashionWorld Boutique',4.8,'2023-02-15','Entrepreneur'),
    ('seller3@mail.com','Brian','Lee','Germany','Hamburg','M','1992-03-15','Home','HomePlus Living Store',4.2,'2023-03-20','Entrepreneur'),
     ('seller4@mail.com','Mia','White','France','Lyon','F','1991-06-21','Beauty','BeautyHub Cosmetics',4.9,'2023-05-05','Entrepreneur'),
('seller5@mail.com','Jason','Hall','USA','Chicago','M','1993-11-30','Sports','Sportify Sports Shop',4.6,'2023-06-12','Entrepreneur'),
('seller6@mail.com','Chloe','Allen','Italy','Milan','F','1994-09-14','Fashion','UrbanStyle Fashion',4.1,'2023-07-01','Entrepreneur'),
('seller7@mail.com','Patrick','Young','Japan','Osaka','M','1988-07-19','Electronics','ElectroStore Electronics',3.8,'2023-08-20','Engineer'),
('seller8@mail.com','Natalie','King','UK','Manchester','F','1995-12-01','Beauty','GlowBeauty Studio',4.7,'2023-09-10','Entrepreneur'),
('seller9@mail.com','Victor','Scott','Brazil','Rio de Janeiro','M','1990-05-05','Home','HomeDecor Market',4.3,'2023-10-05','Entrepreneur'),
('seller10@mail.com','Zoe','Adams','Spain','Barcelona','F','1992-02-17','Sports','FitLife Sports Store',4.4,'2023-11-15','Entrepreneur'),
('seller301@mail.com','Adrian','Keller','USA','New York','M','1989-04-10','Books','Adrian Book House',4.3,'2023-01-20','Entrepreneur'),
('seller302@mail.com','Elena','Frost','UK','London','F','1990-07-21','Fashion','Elena Fashion Studio',4.4,'2023-02-18','Entrepreneur'),
('seller303@mail.com','Matthias','Schulz','Germany','Berlin','M','1987-12-02','Electronics','Schulz Tech Market',4.1,'2023-03-22','Entrepreneur'),
('seller304@mail.com','Camille','Girard','France','Paris','M','1991-08-14','Beauty','Camille Beauty Lounge',4.6,'2023-04-14','Entrepreneur'),
('seller305@mail.com','Samuel','Turner','USA','Chicago','M','1992-10-08','Sports','Turner Sports Outlet',4.2,'2023-05-19','Entrepreneur'),
('seller306@mail.com','Giovanna','Marino','Italy','Rome','F','1988-03-29','Home','Marino Home & Living',4.0,'2023-06-25','Entrepreneur'),
('seller307@mail.com','Kaito','Sugiyama','Japan','Tokyo','M','1990-11-15','Gaming','Sugiyama Gaming Store',4.3,'2023-07-30','Entrepreneur'),
('seller308@mail.com','Ava','Hart','UK','Manchester','F','1994-06-17','Beauty','Ava Glow Beauty',4.5,'2023-08-16','Entrepreneur'),
('seller309@mail.com','Hugo','Coimbra','Brazil','São Paulo','M','1993-01-12','Grocery','Coimbra Grocery Market',4.1,'2023-09-05','Entrepreneur'),
('seller310@mail.com','Carmen','Velasquez','Spain','Madrid','F','1989-09-25','Home','Velasquez Home Center',4.2,'2023-10-03','Entrepreneur'),
('seller311@mail.com','Logan','Smith','USA','Los Angeles','M','1988-05-19','Automotive','Logan Auto Parts',4.0,'2023-01-12','Entrepreneur'),
('seller312@mail.com','Sophie','Baker','UK','Manchester','F','1992-12-26','Fashion','Sophie Style Shop',4.3,'2023-02-10','Entrepreneur'),
('seller313@mail.com','Jonas','Hoffmann','Germany','Munich','M','1990-02-10','Toys','Hoffmann Toy Store',4.1,'2023-03-08','Entrepreneur'),
('seller314@mail.com','Amelie','Rousseau','France','Lyon','F','1993-11-18','Beauty','Rousseau Beauty Corner',4.4,'2023-04-06','Entrepreneur'),
('seller315@mail.com','Carter','Wilson','Canada','Vancouver','M','1987-08-30','Sports','Wilson Sports Club',4.2,'2023-05-04','Entrepreneur'),
('seller316@mail.com','Elisa','Bianchi','Italy','Milan','F','1991-07-07','Fashion','Bianchi Fashion Hub',4.3,'2023-06-02','Entrepreneur'),
('seller317@mail.com','Ren','Yoshida','Japan','Osaka','M','1989-03-03','Gaming','Yoshida Gaming Arena',4.1,'2023-07-01','Entrepreneur'),
('seller318@mail.com','Hannah','Cole','UK','Manchester','F','1994-10-22','Pet Supplies','Cole Pet Supplies',4.5,'2023-08-07','Entrepreneur'),
('seller319@mail.com','Rafael','Teixeira','Germany','Hamburg','M','1992-04-14','Grocery','Teixeira Grocery Store',4.0,'2023-09-09','Entrepreneur'),
('seller320@mail.com','Marina','Serrano','Spain','Barcelona','F','1990-06-28','Home','Serrano Home Collection',4.2,'2023-10-11','Entrepreneur'),
('seller321@mail.com','Ethan','Walker','USA','Chicago','M','1988-03-14','Electronics','Walker Electronics Store',4.1,'2023-01-05','Entrepreneur'),
('seller322@mail.com','Lily','Stevens','UK','Liverpool','F','1993-09-10','Fashion','Stevens Fashion Loft',4.2,'2023-02-07','Entrepreneur'),
('seller323@mail.com','Karl','Vogel','Germany','Hamburg','M','1991-06-04','Home','Vogel Home Goods',4.0,'2023-03-09','Entrepreneur'),
('seller324@mail.com','Jeanne','Duret','France','Marseille','F','1989-01-29','Grocery','Duret Fresh Grocery',4.3,'2023-04-11','Entrepreneur'),
('seller325@mail.com','Miles','Osborne','USA','Chicago','M','1994-07-03','Sports','Osborne Sports House',4.1,'2023-05-13','Entrepreneur'),
('seller326@mail.com','Rosa','Moretti','Italy','Rome','F','1990-04-19','Books','Moretti Book Store',4.2,'2023-06-15','Entrepreneur'),
('seller327@mail.com','Akio','Hashimoto','Germany','Hamburg','M','1987-12-23','Music','Hashimoto Music Shop',4.0,'2023-07-17','Business Owner'),
('seller328@mail.com','Tessa','Wright','Germany','Hamburg','F','1992-11-11','Garden','Wright Garden Center',4.1,'2023-08-19','Business Owner'),
('seller329@mail.com','Eduardo','Barros','Brazil','Brasília','M','1991-08-08','Automotive','Barros Auto Garage',4.0,'2023-09-21','Business Owner'),
('seller330@mail.com','Isabela','Rey','Spain','Barcelona','F','1993-02-15','Beauty','Rey Beauty Boutique',4.2,'2023-10-23','Business Owner'),
('seller331@mail.com','Noah','Fleming','USA','New York','M','1989-05-09','Electronics','Fleming Tech Store',4.2,'2023-01-03','Business Owner'),
('seller332@mail.com','Chloe','Hayes','UK','London','F','1991-03-28','Fashion','Hayes Fashion Store',4.3,'2023-02-06','Business Owner'),
('seller333@mail.com','Oskar','Kruger','Germany','Berlin','M','1990-10-06','Home','Kruger Home Market',4.1,'2023-03-12','Business Owner'),
('seller334@mail.com','Lucie','Bernard','France','Paris','F','1988-12-14','Beauty','Bernard Beauty Shop',4.4,'2023-04-18','Nurse'),
('seller335@mail.com','Gabriel','Harris','USA','Chicago','M','1992-07-01','Sports','Harris Sports World',4.0,'2023-05-20','Teacher'),
('seller336@mail.com','Arianna','Costa','Italy','Rome','F','1994-09-20','Health','Costa Health Store',4.1,'2023-06-22','Nurse'),
('seller337@mail.com','Daichi','Kuroda','Japan','Tokyo','M','1989-02-04','Gaming','Kuroda Gaming Shop',4.2,'2023-07-24','Business Owner'),
('seller338@mail.com','Elise','Morrison','Australia','Sydney','F','1993-11-03','Office Supplies','Morrison Office Depot',4.3,'2023-08-26','Business Owner'),
('seller339@mail.com','Fernando','Gomes','Brazil','São Paulo','M','1991-06-27','Grocery','Gomes Grocery Market',4.1,'2023-09-28','Business Owner'),
('seller340@mail.com','Natalia','Blanco','Spain','Madrid','F','1990-01-19','Music','Blanco Music Store',4.2,'2023-10-30','Teacher'),

('both11@mail.com','Ethan','Walker','USA','Chicago','M','2002-04-22','Electronics','Walker Electronics Hub',4.1,'2024-02-01','Student'),
('both12@mail.com','Sophie','Andrews','UK','Manchester','F','1998-11-03','Fashion','Andrews Fashion Loft',3.9,'2024-02-02','Student'),
('both13@mail.com','Karl','Jung','Germany','Hamburg','M','1995-02-17','Home','Jung Home & Decor',4.0,'2024-02-03','Engineer'),
('both14@mail.com','Elise','Moreau','France','Lyon','F','1997-06-28','Beauty','Moreau Beauty Lounge',4.3,'2024-02-04','Business Owner'),
('both15@mail.com','Carter','Wilkins','USA','Chicago','M','1994-12-14','Sports','Wilkins Sports Center',4.2,'2024-02-05','Teacher'),
('both16@mail.com','Chiara','Rinaldi','Italy','Milan','F','1996-08-09','Health','Rinaldi Health Clinic',4.4,'2024-02-06','Nurse'),
('both17@mail.com','Daichi','Matsuda','Japan','Osaka','M','2004-09-25','Gaming','Matsuda Gaming Corner',4.1,'2024-02-07','Student'),
('both18@mail.com','Hannah','Brooks','Germany','Hamburg','F','1995-03-11','Pet Supplies','Brooks Pet Store',3.8,'2024-02-08','Engineer'),
('both19@mail.com','Rafael','Araujo','Brazil','Rio de Janeiro','M','1998-07-07','Books','Araujo Book Store',4.3,'2024-02-09','Business Owner'),
('both20@mail.com','Adriana','Vega','Spain','Barcelona','F','1996-01-02','Home','Vega Home Collection',4.0,'2024-02-10','Engineer'),
('both21@mail.com','Gavin','Miller','USA','Seattle','M','1997-05-18','Electronics','Miller Tech Shop',4.2,'2024-03-01','Engineer'),
('both22@mail.com','Lily','Henderson','UK','Liverpool','F','1998-09-12','Fashion','Henderson Style Store',4.1,'2024-03-02','Business Owner'),
('both23@mail.com','Oskar','Weiss','Germany','Munich','M','1995-04-05','Music','Weiss Music House',4.4,'2024-03-03','Teacher'),
('both24@mail.com','Amelie','Dubois','France','Marseille','F','1996-11-29','Beauty','Dubois Beauty House',4.5,'2024-03-04','Nurse'),
('both25@mail.com','Logan','Harris','USA','Chicago','M','2001-03-15','Sports','Harris Sports Center',4.3,'2024-03-05','Student'),

('both1@mail.com','Mason','Reed','USA','Seattle','M','1996-02-14','Electronics','Mason Reed Tech Store',4.2,'2024-01-05','Engineer'),
('both2@mail.com','Olivia','Bennett','UK','London','F','1997-08-19','Fashion','Olivia Bennett Fashion',4.0,'2024-01-06','Business Owner'),
('both3@mail.com','Jonas','Schneider','Germany','Berlin','M','1995-11-03','Home','Schneider Home Store',3.9,'2024-01-07','Engineer'),
('both4@mail.com','Camille','Faure','France','Paris','F','1996-05-27','Beauty','Faure Beauty Studio',4.4,'2024-01-08','Business Owner'),
('both5@mail.com','Liam','MacKenzie','Japan','Tokyo','M','1998-01-09','Sports','MacKenzie Sports Shop',4.1,'2024-01-09','Student'),
('both6@mail.com','Giulia','De Luca','Italy','Rome','F','1997-03-21','Books','De Luca Book Shop',3.8,'2024-01-10','Business Owner'),
('both7@mail.com','Haruto','Ishikawa','Japan','Tokyo','M','1996-09-12','Electronics','Ishikawa Electronics',4.3,'2024-01-11','Engineer'),
('both8@mail.com','Amelia','Wright','Australia','Sydney','F','1998-12-04','Beauty','Amelia Wright Beauty',4.5,'2024-01-12','Teacher'),
('both9@mail.com','Mateus','Oliveira','Brazil','São Paulo','M','2005-07-30','Grocery','Oliveira Grocery',3.7,'2024-01-13','Student'),
('both10@mail.com','Lucia','Navarro','Spain','Madrid','F','1997-10-16','Health','Navarro Health Store',4.0,'2024-01-14','Nurse')
) AS v(email, first_name, last_name, country, city, gender, birthdate, seller_type, store_name, store_rating, join_date, job_title)
JOIN Account a
  ON a.email = v.email
 AND a.user_type = 'SELLER'
WHERE NOT EXISTS (
    SELECT 1
    FROM Seller s
    WHERE s.email = v.email
);






       
INSERT INTO Category (category_name) VALUES
('Electronics'),
('Fashion'),
('Home'),
('Sports'),
('Beauty'),
('Books'),
('Toys'),
('Automotive'),
('Garden'),
('Health'),
('Grocery'),          
('Pet Supplies'),     
('Office Supplies'),  
('Gaming'),           
('Music');            

INSERT INTO Products (product_name, category_name, seller_id,  unit_price, stock_quantity, brand_name, rating, review_count, uploaded_at) VALUES
    ('Wireless Headphones X1',      'Electronics', 1, 119.99, 40,  'Sony',     4.6, 120, '2024-01-05'),
    ('Smartphone A52 Pro',          'Electronics', 1, 799.00, 30,  'Samsung',  4.7, 220, '2024-01-06'),
    ('Laptop Ultra 14',             'Electronics', 1, 1399.00, 20, 'Dell',     4.5, 140, '2024-01-07'),
    ('Gaming Mouse RGB V2',         'Electronics', 1, 49.99,  60,  'Logitech', 4.4, 80,  '2024-01-08'),
    ('Mechanical Keyboard K5',      'Electronics', 1, 89.00,  50,  'Keychron', 4.8, 160, '2024-01-09'),
    ('4K 27" Monitor',              'Electronics', 1, 329.00, 25,  'LG',       4.6, 110, '2024-01-10'),
    ('Bluetooth Speaker Mini',      'Electronics', 1, 59.00,  70,  'JBL',      4.5, 95,  '2024-01-11'),
    ('Portable Charger 20K',        'Electronics', 1, 39.90,  80,  'Xiaomi',   4.3, 60,  '2024-01-12'),
    ('Webcam FullHD S1',            'Electronics', 1, 45.00,  35,  'Logitech', 4.4, 70,  '2024-01-13'),
    ('USB-C Cable 1m',              'Electronics', 1, 9.99,   120, 'Anker',    4.8, 210, '2024-01-14'),
    ('Smart LED Bulb WiFi',         'Electronics', 1, 14.90,  90,  'Philips',  4.5, 85,  '2024-01-15'),
    ('Laptop Stand Aluminum',       'Electronics', 1, 27.99,  40,  'Baseus',   4.6, 75,  '2024-01-16'),
    ('Noise Cancelling Earbuds',    'Electronics', 1, 129.00, 55,  'Sony',     4.7, 130, '2024-01-17'),
    ('HDMI Cable 2m',               'Electronics', 1, 7.99,   100, 'Ugreen',   4.4, 50,  '2024-01-18'),
    ('Smartwatch Active S3',        'Electronics', 1, 229.00, 22,  'Samsung',  4.5, 98,  '2024-01-19'),
    ('Wireless Charger Pad',        'Electronics', 1, 19.99,  75,  'Belkin',   4.3, 55,  '2024-01-20'),
    ('Bluetooth Keyboard Slim',     'Electronics', 1, 34.99,  45,  'Logitech', 4.4, 70,  '2024-01-21'),
    ('SSD 1TB NVMe',                'Electronics', 1, 89.00,  30,  'Kingston', 4.8, 145, '2024-01-22'),
    ('Router AX3000',               'Electronics', 1, 109.00, 28,  'TP-Link',  4.6, 115, '2024-01-23'),
    ('USB Hub 4-Port',              'Electronics', 1, 12.99,  90,  'Anker',    4.3, 60,  '2024-01-24'),

    -- Fashion (category_id = 2)
    ('Men Cotton T-Shirt',          'Fashion',     2, 19.99,  100, 'H&M',      4.5, 80,  '2024-01-05'),
    ('Women Summer Dress',          'Fashion',     2, 39.90,  60,  'Zara',     4.6, 120, '2024-01-06'),
    ('Unisex Hoodie Classic',       'Fashion',     2, 29.99,  75,  'Uniqlo',   4.4, 70,  '2024-01-07'),
    ('Running Shoes Pro',           'Fashion',     2, 89.00,  40,  'Nike',     4.7, 150, '2024-01-08'),
    ('Slim Fit Jeans',              'Fashion',     2, 49.90,  55,  'Levis',    4.5, 110, '2024-01-09'),
    ('Light Windbreaker',           'Fashion',     2, 64.90,  30,  'Adidas',   4.4, 65,  '2024-01-10'),
    ('Casual Sneakers',             'Fashion',     2, 59.90,  50,  'Puma',     4.5, 95,  '2024-01-11'),
    ('Sports Bra Comfort',          'Fashion',     2, 24.99,  80,  'Reebok',   4.6, 85,  '2024-01-12'),
    ('Knitted Sweater',             'Fashion',     2, 34.90,  45,  'H&M',      4.3, 60,  '2024-01-13'),
    ('Cotton Shorts Men',           'Fashion',     2, 22.90,  70,  'Puma',     4.4, 50,  '2024-01-14'),
    ('Women Yoga Pants',            'Fashion',     2, 29.90,  65,  'Nike',     4.7, 120, '2024-01-15'),
    ('Oversized Hoodie',            'Fashion',     2, 39.99,  55,  'Adidas',   4.5, 75,  '2024-01-16'),
    ('Classic Belt Leather',        'Fashion',     2, 19.90,  90,  'Zara',     4.6, 105, '2024-01-17'),
    ('Denim Jacket',                'Fashion',     2, 59.00,  40,  'Levis',    4.5, 115, '2024-01-18'),
    ('Women Cardigan Soft',         'Fashion',     2, 27.90,  60,  'H&M',      4.4, 72,  '2024-01-19'),

    -- Home (category_id = 3)
    ('Air Fryer XL 4.5L',           'Home',        3, 149.00, 25,  'Tefal',    4.7, 160, '2024-02-01'),
    ('Turbo Vacuum Cleaner',        'Home',        3, 179.00, 18,  'Bosch',    4.6, 140, '2024-02-02'),
    ('Electric Kettle Steel',       'Home',        3, 29.90,  60,  'Philips',  4.4, 85,  '2024-02-03'),
    ('Blender 500W Pro',            'Home',        3, 54.90,  30,  'Philips',  4.5, 95,  '2024-02-04'),
    ('LED Table Lamp',              'Home',        3, 19.99,  80,  'Xiaomi',   4.4, 70,  '2024-02-05'),
    ('Dinner Set Ceramic 24pcs',    'Home',        3, 74.90,  22,  'IKEA',     4.7, 130, '2024-02-06'),
    ('Mini Coffee Machine',         'Home',        3, 39.90,  45,  'DeLonghi', 4.5, 90,  '2024-02-07'),
    ('Kitchen Knife Set 6pcs',      'Home',        3, 34.90,  50,  'Tefal',    4.4, 75,  '2024-02-08'),
    ('Glass Cup Set 6pcs',          'Home',        3, 15.99,  90,  'Luminarc', 4.6, 120, '2024-02-09'),
    ('Storage Box Large',           'Home',        3, 11.99,  100, 'IKEA',     4.3, 55,  '2024-02-10'),
    ('Desk Organizer Wood',         'Home',        3, 19.99,  60,  'OfficePro',4.4, 65,  '2024-02-11'),
    ('Scented Candle Vanilla',      'Home',        3, 9.99,   70,  'Yankee',   4.5, 105, '2024-02-12'),
    ('Ceramic Flower Pot',          'Home',        3, 14.90,  85,  'GreenLine',4.4, 55,  '2024-02-13'),
    ('Laundry Basket XL',           'Home',        3, 17.99,  75,  'HomeLife', 4.3, 50,  '2024-02-14'),
    ('Wall Shelf Set 3pcs',         'Home',        3, 24.99,  40,  'IKEA',     4.5, 90,  '2024-02-15'),

    -- Beauty (category_id = 5)
    ('Foundation Matte 30ml',       'Beauty',      4, 21.90,  90,  'Maybelline',4.6,200, '2024-02-20'),
    ('Hydra Face Cream',            'Beauty',      4, 17.99,  110, 'Nivea',     4.5,150, '2024-02-21'),
    ('Velvet Lipstick Red',         'Beauty',      4, 11.99,  140, 'Loreal',    4.7,180, '2024-02-22'),
    ('Hair Dryer Pro 2200W',        'Beauty',      4, 44.90,  40,  'Remington', 4.6,120, '2024-02-23'),
    ('Eye Shadow Palette',          'Beauty',      4, 39.90,  25,  'MAC',       4.8,250, '2024-02-24'),
    ('Skin Vitamin C Serum',        'Beauty',      4, 27.90,  60,  'Garnier',   4.7,170, '2024-02-25'),
    ('Face Mask Set 10pcs',         'Beauty',      4, 12.90,  150, 'Sephora',   4.5,110, '2024-02-26'),
    ('Makeup Brush Set 12pcs',      'Beauty',      4, 29.90,  45,  'Sephora',   4.6,95,  '2024-02-27'),
    ('Rose Perfume 50ml',           'Beauty',      4, 34.90,  55,  'Avon',      4.4,85,  '2024-02-28'),
    ('Nail Polish Set',             'Beauty',      4, 14.90,  80,  'Essie',     4.3,70,  '2024-03-01'),
    ('Body Lotion Soft',            'Beauty',      4, 19.90,  75,  'Nivea',     4.4,65,  '2024-03-02'),
    ('Mini Hair Straightener',      'Beauty',      4, 34.90,  35,  'Remington', 4.5,90,  '2024-03-03'),
    ('Face Cleansing Brush',        'Beauty',      4, 21.90,  50,  'Foreo',     4.6,120, '2024-03-04'),
    ('Anti-Aging Cream',            'Beauty',      4, 29.90,  40,  'Loreal',    4.7,150, '2024-03-05'),
    ('Makeup Remover Oil',          'Beauty',      4, 13.90,  85,  'Clinique',  4.4,55,  '2024-03-06'),

    -- Sports (category_id = 4)
    ('Yoga Mat Comfort',            'Sports',      5, 24.99,  70,  'Adidas',    4.6,140, '2024-03-10'),
    ('Dumbbell Set 10kg',           'Sports',      5, 39.99,  30,  'Decathlon', 4.5,120, '2024-03-11'),
    ('Resistance Band Kit',         'Sports',      5, 14.99,  90,  'Reebok',    4.4,80,  '2024-03-12'),
    ('Training Shorts Men',         'Sports',      5, 19.99,  60,  'Nike',      4.6,110, '2024-03-13'),
    ('Official Football',           'Sports',      5, 29.99,  50,  'Puma',      4.5,100, '2024-03-14'),
    ('Swim Goggles AntiFog',        'Sports',      5, 11.99,  100, 'Speedo',    4.4,75,  '2024-03-15'),
    ('Tennis Racket Pro',           'Sports',      5, 54.90,  25,  'Wilson',    4.6,115, '2024-03-16'),
    ('Cycling Helmet S2',           'Sports',      5, 55.00,  22,  'Giant',     4.5,95,  '2024-03-17'),
    ('Sports Water Bottle',         'Sports',      5, 12.90,  90,  'Nike',      4.4,70,  '2024-03-18'),
    ('Gym Gloves Padded',           'Sports',      5, 17.90,  70,  'Decathlon', 4.3,55,  '2024-03-19'),
    ('Speed Jump Rope Steel',       'Sports',      5, 9.99,   80,  'Reebok',    4.4,60,  '2024-03-20'),
    ('Compression Tights Men',      'Sports',      5, 29.90,  40,  'UnderArmour',4.5,85, '2024-03-21'),
    ('Sports Backpack 20L',         'Sports',      5, 34.90,  35,  'Puma',      4.6,90,  '2024-03-22'),
    ('Table Tennis Set',            'Sports',      5, 24.90,  55,  'Stiga',     4.4,70,  '2024-03-23'),
    ('Boxing Gloves 12oz',          'Sports',      5, 49.90,  25,  'Everlast',  4.6,110, '2024-03-24'),


('Women Midi Skirt',              'Fashion',      6, 34.90, 70,  'Zara',        4.4,  82, '2024-04-01'),
('Men Formal Shirt Slim',         'Fashion',      6, 49.90, 55,  'Mango',       4.5,  91, '2024-04-02'),
('Women Blazer Classic',          'Fashion',      6, 79.90, 35,  'Zara',        4.6,  73, '2024-04-03'),
('High Waist Mom Jeans',          'Fashion',      6, 59.90, 50,  'HM',          4.3,  65, '2024-04-04'),
('Unisex Basic Turtleneck',       'Fashion',      6, 29.90, 80,  'Uniqlo',      4.4,  58, '2024-04-05'),
('Women Trench Coat',             'Fashion',      6, 99.90, 28,  'Mango',       4.6,  77, '2024-04-06'),
('Men Leather Jacket',            'Fashion',      6, 149.90,20,  'Pull&Bear',   4.5,  69, '2024-04-07'),
('Women Wide Leg Pants',          'Fashion',      6, 44.90, 48,  'Zara',        4.3,  54, '2024-04-08'),
('Oversize Sweatshirt',           'Fashion',      6, 35.90, 60,  'HM',          4.4,  63, '2024-04-09'),
('Men Polo Shirt',                'Fashion',      6, 27.90, 70,  'Lacoste',     4.5,  72, '2024-04-10'),
('Women Satin Blouse',            'Fashion',      6, 39.90, 52,  'Mango',       4.4,  49, '2024-04-11'),
('Denim Shorts High Waist',       'Fashion',      6, 29.90, 65,  'Zara',        4.3,  41, '2024-04-12'),
('Men Chino Pants Regular',       'Fashion',      6, 39.90, 58,  'HM',          4.2,  37, '2024-04-13'),
('Women Knit Dress',              'Fashion',      6, 54.90, 40,  'Mango',       4.5,  60, '2024-04-14'),
('Unisex Raincoat Lightweight',   'Fashion',      6, 59.90, 38,  'Uniqlo',      4.4,  44, '2024-04-15'),

('Smartphone X200 Ultra',         'Electronics',  7, 899.00, 26, 'Samsung',     4.7, 130, '2024-05-01'),
('Wireless Earbuds Lite',         'Electronics',  7, 49.90,  80, 'Xiaomi',      4.3,  75, '2024-05-02'),
('Tablet 10.5 HD',                'Electronics',  7, 249.00, 24, 'Huawei',      4.4,  68, '2024-05-03'),
('Bluetooth Soundbar',            'Electronics',  7, 159.00, 30, 'LG',          4.5,  92, '2024-05-04'),
('Mechanical Gaming Keyboard',    'Electronics',  7, 99.00,  40, 'Razer',       4.6, 115, '2024-05-05'),
('Gaming Mouse Ultra',            'Electronics',  7, 59.90,  55, 'Logitech',    4.5, 101, '2024-05-06'),
('External SSD 500GB',            'Electronics',  7, 79.90,  35, 'Sandisk',     4.6,  89, '2024-05-07'),
('WiFi Range Extender AC1200',    'Electronics',  7, 39.90,  50, 'TP-Link',     4.3,  53, '2024-05-08'),
('Action Camera 4K',              'Electronics',  7, 199.00, 20, 'GoPro',       4.7, 120, '2024-05-09'),
('Smart Home Plug 2-Pack',        'Electronics',  7, 29.90,  70, 'TP-Link',     4.4,  66, '2024-05-10'),
('USB-C Hub 7-in-1',              'Electronics',  7, 45.00,  40, 'Anker',       4.5,  73, '2024-05-11'),
('Portable Bluetooth Speaker S2', 'Electronics',  7, 69.90,  55, 'JBL',         4.6,  96, '2024-05-12'),
('27" IPS Office Monitor',        'Electronics',  7, 210.00, 22, 'Dell',        4.4,  58, '2024-05-13'),
('Wireless Presenter',            'Electronics',  7, 24.90,  60, 'Logitech',    4.3,  40, '2024-05-14'),
('Laptop Cooling Pad XL',         'Electronics',  7, 34.90,  45, 'CoolerMaster',4.4,  47, '2024-05-15'),

('Keratin Repair Shampoo',        'Beauty',       8, 18.90,  90,  'Loreal',        4.5, 120, '2024-06-01'),
('Argan Oil Hair Mask',           'Beauty',       8, 29.90,  70,  'OGX',           4.6, 135, '2024-06-02'),
('Micellar Cleansing Water',      'Beauty',       8, 16.90, 110,  'Garnier',       4.4,  95, '2024-06-03'),
('Matte Liquid Lipstick Set',     'Beauty',       8, 39.90,  50,  'NYX',           4.5, 140, '2024-06-04'),
('SPF50 Face Sunscreen',          'Beauty',       8, 24.90,  85,  'LaRochePosay',  4.7, 160, '2024-06-05'),
('Anti-Frizz Hair Serum',         'Beauty',       8, 21.90,  75,  'Schwarzkopf',   4.4,  86, '2024-06-06'),
('Hydrating Face Sheet Mask',     'Beauty',       8, 3.90,  200,  'Sephora',       4.3,  60, '2024-06-07'),
('Under Eye Concealer Stick',     'Beauty',       8, 19.90,  95,  'Maybelline',    4.5, 130, '2024-06-08'),
('Gentle Face Peeling Gel',       'Beauty',       8, 22.90,  60,  'Clinique',      4.4,  80, '2024-06-09'),
('Rose Body Mist',                'Beauty',       8, 17.90,  70,  'VictoriaSecret',4.3,  72, '2024-06-10'),
('Lip Balm Moisture Duo',         'Beauty',       8, 12.90, 120,  'Nivea',         4.4,  90, '2024-06-11'),
('Brow Pencil Precision',         'Beauty',       8, 15.90,  85,  'Loreal',        4.5,  77, '2024-06-12'),
('Nail Care Strengthener',        'Beauty',       8, 14.90,  80,  'Essie',         4.3,  55, '2024-06-13'),
('Makeup Fixing Spray',           'Beauty',       8, 27.90,  65,  'UrbanDecay',    4.7, 145, '2024-06-14'),
('Lip Gloss Shiny Nude',          'Beauty',       8, 11.90,  95,  'Sephora',       4.4,  68, '2024-06-15'),

('Modern Wooden Chair',           'Home',         9, 69.90, 35,  'IKEA',        4.5,  88, '2024-07-01'),
('Office Desk 120cm',             'Home',         9, 149.00,20,  'IKEA',        4.4,  72, '2024-07-02'),
('Bookshelf 5-Tier',              'Home',         9, 129.00,22,  'HomeLife',    4.3,  65, '2024-07-03'),
('Cotton Bedsheet Set',           'Home',         9, 49.90, 55,  'Casper',      4.6, 102, '2024-07-04'),
('Memory Foam Pillow',            'Home',         9, 39.90, 60,  'SleepWell',   4.5,  97, '2024-07-05'),
('Scented Candle Vanilla',        'Home',         9, 9.90,  90,  'Yankee',      4.4,  76, '2024-07-06'),
('Laundry Basket Woven',          'Home',         9, 19.90, 70,  'HomeLife',    4.3,  53, '2024-07-07'),
('Wall Clock Minimalist',         'Home',         9, 24.90, 50,  'XDesign',     4.4,  61, '2024-07-08'),
('Floor Lamp Tripod',             'Home',         9, 89.90, 28,  'Philips',     4.5,  79, '2024-07-09'),
('Kitchen Storage Jar Set',       'Home',         9, 27.90, 65,  'IKEA',        4.3,  48, '2024-07-10'),
('Microfiber Towel Set',          'Home',         9, 22.90, 80,  'HomeSoft',    4.4,  69, '2024-07-11'),
('Bathroom Accessory Kit',        'Home',         9, 34.90, 45,  'HomeLife',    4.2,  41, '2024-07-12'),
('Nonstick Pan 28cm',             'Home',         9, 32.90, 55,  'Tefal',       4.5,  83, '2024-07-13'),
('Vacuum Storage Bags 8pcs',      'Home',         9, 18.90, 90,  'IKEA',        4.3,  52, '2024-07-14'),
('Decorative Throw Blanket',      'Home',         9, 29.90, 50,  'Casper',      4.4,  60, '2024-07-15'),

('Outdoor Basketball',            'Sports',      10, 29.90, 45,  'Spalding',   4.5,  98, '2024-08-01'),
('Steel Jump Rope',               'Sports',      10, 11.90, 80,  'Reebok',     4.3,  57, '2024-08-02'),
('Training Gym Mat',              'Sports',      10, 24.90, 60,  'Adidas',     4.4,  86, '2024-08-03'),
('Running Shirt DryFit',          'Sports',      10, 21.90, 55,  'Nike',       4.5,  90, '2024-08-04'),
('Cycling Shorts Padded',         'Sports',      10, 39.90, 40,  'Giant',      4.4,  72, '2024-08-05'),
('Swim Cap Silicone',             'Sports',      10, 7.90, 110,  'Arena',      4.3,  49, '2024-08-06'),
('Gym Duffel Bag 40L',            'Sports',      10, 34.90, 35,  'Puma',       4.5,  77, '2024-08-07'),
('Fitness Tracker Band',          'Sports',      10, 49.90, 38,  'Xiaomi',     4.4,  81, '2024-08-08'),
('Tennis Ball Pack 4pcs',         'Sports',      10, 14.90, 90,  'Wilson',     4.5,  69, '2024-08-09'),
('Football Goalkeeper Gloves',    'Sports',      10, 29.90, 40,  'Reusch',     4.4,  58, '2024-08-10'),
('Sports Headband 2-Pack',        'Sports',      10, 9.90, 100,  'Nike',       4.3,  45, '2024-08-11'),
('Sports Socks 3-Pack',           'Sports',      10, 12.90,120,  'Adidas',     4.4,  70, '2024-08-12'),
('Indoor Volleyball',             'Sports',      10, 27.90, 50,  'Mikasa',     4.5,  63, '2024-08-13'),
('Rowing Resistance Band',        'Sports',      10, 18.90, 65,  'Decathlon',  4.3,  52, '2024-08-14'),
('Sports Jacket Windproof',       'Sports',      10, 69.90, 30,  'Nike',       4.6,  88, '2024-08-15'),



    ('Fantasy Novel - Dragon Realm',        'Books',          11, 14.90, 60,  'Penguin',        4.6, 120, '2024-09-01'),
('Classic Literature - Jane Eyre',      'Books',          11, 18.90, 40,  'HarperCollins',  4.7, 95,  '2024-09-02'),
('Sci-Fi Novel - Galaxy Wars',          'Books',          11, 19.90, 35,  'Tor',            4.5, 80,  '2024-09-03'),
('Self-Help - Atomic Habits',           'Books',          11, 24.90, 50,  'RandomHouse',    4.8, 150, '2024-09-04'),
('Programming in Python Basics',        'Books',          11, 29.90, 30,  'OReilly',        4.6, 110, '2024-09-05'),
('Business - Start With Why',           'Books',          11, 22.90, 45,  'Penguin',        4.5, 70,  '2024-09-06'),
('Romance Novel - Autumn Love',         'Books',          11, 16.90, 55,  'Avon',           4.3, 60,  '2024-09-07'),
('Thriller - Silent Night Crime',       'Books',          11, 17.90, 50,  'HarperCollins',  4.4, 65,  '2024-09-08'),

('Women Printed Summer Dress',          'Fashion',        12, 39.90, 70,  'Zara',           4.5, 90,  '2024-09-09'),
('Men Casual Linen Shirt',              'Fashion',        12, 44.90, 55,  'Mango',          4.4, 75,  '2024-09-10'),
('Women High Heel Sandals',             'Fashion',        12, 59.90, 40,  'Zara',           4.3, 60,  '2024-09-11'),
('Unisex Oversize Hoodie',              'Fashion',        12, 34.90, 80,  'HM',             4.5, 85,  '2024-09-12'),
('Women Pleated Midi Skirt',            'Fashion',        12, 36.90, 65,  'Zara',           4.4, 68,  '2024-09-13'),
('Men Slim Fit Chino',                  'Fashion',        12, 42.90, 50,  'HM',             4.3, 55,  '2024-09-14'),
('Women Knit Cardigan',                 'Fashion',        12, 39.90, 45,  'Mango',          4.4, 58,  '2024-09-15'),
('Unisex Basic Cotton TShirt 2Pack',    'Fashion',        12, 24.90, 90,  'Uniqlo',         4.5, 92,  '2024-09-16'),

('Gaming Laptop G15',                   'Electronics',    13, 1599.00, 15, 'Asus',          4.6, 140, '2024-09-17'),
('Mechanical Keyboard RGB Pro',         'Electronics',    13, 109.00,  40, 'Razer',         4.5, 95,  '2024-09-18'),
('27" Curved Gaming Monitor',           'Electronics',    13, 299.00,  25, 'Samsung',       4.6, 120, '2024-09-19'),
('Wireless Gaming Headset',             'Electronics',    13, 89.90,   50, 'Logitech',      4.4, 88,  '2024-09-20'),
('External HDD 2TB',                    'Electronics',    13, 79.90,   45, 'WD',            4.5, 110, '2024-09-21'),
('USB-C Docking Station',               'Electronics',    13, 69.90,   35, 'Anker',         4.3, 70,  '2024-09-22'),
('Noise Cancelling Headphones',         'Electronics',    13, 129.00,  30, 'Sony',          4.5, 105, '2024-09-23'),
('Gaming Controller Wireless',          'Electronics',    13, 59.90,   55, 'Xbox',          4.4, 82,  '2024-09-24'),

('Luxury Eau de Parfum 50ml',           'Beauty',         14, 69.90,  40,  'Dior',          4.7, 130, '2024-09-25'),
('Silky Body Lotion 250ml',             'Beauty',         14, 24.90,  80,  'Nivea',         4.5, 95,  '2024-09-26'),
('Nude Eyeshadow Palette 12Color',      'Beauty',         14, 49.90,  45,  'Sephora',       4.6, 110, '2024-09-27'),
('Matte Lipstick Rose',                 'Beauty',         14, 17.90,  100, 'Maybelline',    4.5, 90,  '2024-09-28'),
('Facial Tonic Rose Water',             'Beauty',         14, 19.90,  70,  'Garnier',       4.4, 75,  '2024-09-29'),
('Glow Highlighter Palette',            'Beauty',         14, 34.90,  50,  'Loreal',        4.5, 88,  '2024-09-30'),
('Nail Polish Set Pastel 6pcs',         'Beauty',         14, 22.90,  90,  'Essie',         4.3, 65,  '2024-10-01'),
('Makeup Remover Micellar Oil',         'Beauty',         14, 21.90,  65,  'Bioderma',      4.4, 70,  '2024-10-02'),

('Running Shoes Trail Pro',             'Sports',         15, 119.00, 35,  'Nike',          4.6, 120, '2024-10-03'),
('Men Training Shorts',                 'Sports',         15, 27.90,  70,  'Adidas',        4.4, 80,  '2024-10-04'),
('Women Sports Leggings',               'Sports',         15, 34.90,  60,  'Puma',          4.5, 95,  '2024-10-05'),
('Adjustable Dumbbell Pair 10kg',       'Sports',         15, 89.90,  25,  'Decathlon',     4.5, 105, '2024-10-06'),
('Jump Rope Speed Pro',                 'Sports',         15, 14.90,  90,  'Everlast',      4.3, 65,  '2024-10-07'),
('Yoga Block Foam',                     'Sports',         15, 12.90,  80,  'Decathlon',     4.4, 60,  '2024-10-08'),
('Football Training Cones Set',         'Sports',         15, 24.90,  50,  'Nike',          4.3, 55,  '2024-10-09'),
('Gym Towel QuickDry',                  'Sports',         15, 9.90,   100, 'Adidas',        4.4, 58,  '2024-10-10'),

('Marble Dining Plate Set 12pcs',       'Home',           16, 79.90, 30,  'IKEA',          4.6, 110, '2024-10-11'),
('Glass Vase Decorative',               'Home',           16, 24.90, 60,  'IKEA',          4.4, 75,  '2024-10-12'),
('Cotton Curtain Pair 140x260',         'Home',           16, 49.90, 40,  'IKEA',          4.5, 88,  '2024-10-13'),
('Soft Area Rug 160x230',               'Home',           16, 129.00,20,  'IKEA',          4.6, 95,  '2024-10-14'),
('Glass Food Container 10pcs',          'Home',           16, 39.90, 50,  'Pyrex',         4.4, 70,  '2024-10-15'),
('Kitchen Towel Set 6pcs',              'Home',           16, 19.90, 80,  'IKEA',          4.3, 60,  '2024-10-16'),
('Decorative Wall Mirror Round',        'Home',           16, 59.90, 25,  'IKEA',          4.5, 78,  '2024-10-17'),
('Storage Basket Fabric Large',         'Home',           16, 22.90, 70,  'IKEA',          4.4, 63,  '2024-10-18'),

('Gaming Console X-Series',             'Gaming',         17, 499.00,18,  'Xbox',          4.7, 150, '2024-10-19'),
('Wireless Gamepad Controller',         'Gaming',         17, 59.90, 55,  'Xbox',          4.5, 110, '2024-10-20'),
('Gaming Headset 7.1 Surround',         'Gaming',         17, 89.90, 45,  'HyperX',        4.6, 125, '2024-10-21'),
('RGB Mouse Pad XL',                    'Gaming',         17, 29.90, 80,  'Razer',         4.4, 90,  '2024-10-22'),
('PC Game - Racing Legends',            'Gaming',         17, 39.90, 60,  'EA',            4.3, 70,  '2024-10-23'),
('Console Game - Samurai Quest',        'Gaming',         17, 49.90, 50,  'BandaiNamco',   4.5, 95,  '2024-10-24'),
('Streaming Microphone USB',            'Gaming',         17, 79.90, 30,  'Blue',          4.4, 82,  '2024-10-25'),
('Racing Wheel Pro',                    'Gaming',         17, 199.00,20,  'Logitech',      4.6, 105, '2024-10-26'),

('Glow Foundation 30ml',                'Beauty',         18, 27.90, 90,  'FentyBeauty',   4.5, 120, '2024-10-27'),
('Illuminating Primer 30ml',            'Beauty',         18, 24.90, 80,  'Smashbox',      4.4, 95,  '2024-10-28'),
('Lip Oil Hydrating',                   'Beauty',         18, 18.90, 100, 'Clarins',       4.5, 85,  '2024-10-29'),
('Cream Blush Pink',                    'Beauty',         18, 19.90, 85,  'Nars',          4.4, 78,  '2024-10-30'),
('Brow Gel Transparent',                'Beauty',         18, 15.90, 90,  'Benefit',       4.3, 60,  '2024-10-31'),
('Highlight Stick Champagne',           'Beauty',         18, 21.90, 70,  'FentyBeauty',   4.5, 72,  '2024-11-01'),
('Soft Matte Setting Powder',           'Beauty',         18, 26.90, 65,  'LauraMercier',  4.4, 80,  '2024-11-02'),
('Lip Pencil Nude',                     'Beauty',         18, 11.90, 95,  'MAC',           4.3, 55,  '2024-11-03'),

('Organic Whole Bean Coffee 1kg',       'Grocery',        19, 34.90, 40,  'Lavazza',       4.6, 95,  '2024-11-04'),
('Extra Virgin Olive Oil 1L',           'Grocery',        19, 29.90, 50,  'Bertolli',      4.5, 88,  '2024-11-05'),
('Basmati Rice 5kg',                    'Grocery',        19, 24.90, 45,  'Tilda',         4.4, 80,  '2024-11-06'),
('Pasta Pack 500g x6',                  'Grocery',        19, 12.90, 80,  'Barilla',       4.3, 60,  '2024-11-07'),
('Almonds Roasted 500g',                'Grocery',        19, 19.90, 55,  'BlueDiamond',   4.5, 75,  '2024-11-08'),
('Hazelnut Spread 750g',                'Grocery',        19, 17.90, 60,  'Nutella',       4.4, 70,  '2024-11-09'),
('Cereal Mixed Fruits 750g',            'Grocery',        19, 15.90, 70,  'Kelloggs',      4.3, 65,  '2024-11-10'),
('Green Tea Bags 100pcs',               'Grocery',        19, 13.90, 90,  'Lipton',        4.4, 72,  '2024-11-11'),

('Premium Duvet Cover Set',             'Home',           20, 89.90, 35,  'IKEA',          4.6, 105, '2024-11-12'),
('Decorative Cushion 45x45',            'Home',           20, 19.90, 70,  'IKEA',          4.4, 80,  '2024-11-13'),
('Table Runner Linen',                  'Home',           20, 24.90, 60,  'IKEA',          4.3, 60,  '2024-11-14'),
('Wall Art Canvas 60x90',               'Home',           20, 59.90, 25,  'IKEA',          4.5, 78,  '2024-11-15'),
('Kitchen Apron Set 2pcs',              'Home',           20, 22.90, 65,  'IKEA',          4.3, 55,  '2024-11-16'),
('Ceramic Salad Bowl Large',            'Home',           20, 27.90, 50,  'IKEA',          4.4, 62,  '2024-11-17'),
('Door Mat AntiSlip',                   'Home',           20, 19.90, 70,  'IKEA',          4.3, 59,  '2024-11-18'),
('Storage Ottoman Fabric',              'Home',           20, 69.90, 30,  'IKEA',          4.5, 82,  '2024-11-19'),
('Car Engine Oil 5W30',        'Pet Supplies',     21, 32.90, 40, 'Castrol',      4.3, 18, '2024-09-10'),
('Brake Pad Set Premium',      'Pet Supplies',     21, 55.00, 25, 'Bosch',        4.4, 22, '2024-09-11'),
('Car Air Filter Pro',         'Pet Supplies',     21, 19.90, 50, 'MannFilter',   4.2, 15, '2024-09-12'),
('Windshield Wiper Set',       'Pet Supplies',     21, 14.50, 60, 'Bosch',        4.1, 12, '2024-09-13'),

('Women Classic Dress',        'Fashion',          22, 45.00, 40, 'Zara',          4.5, 30, '2024-09-14'),
('Men Slim Fit Shirt',         'Fashion',          22, 35.00, 55, 'HM',            4.3, 20, '2024-09-15'),
('Unisex Hooded Jacket',       'Fashion',          22, 60.00, 30, 'Mango',         4.4, 25, '2024-09-16'),
('Summer T-Shirt Pack',        'Fashion',          22, 25.00, 80, 'Uniqlo',        4.2, 15, '2024-09-17'),

('Wooden Train Set',           'Books',            23, 29.90, 45, 'Lego',          4.6, 40, '2024-09-18'),
('Puzzle 500 Pieces',          'Books',            23, 15.90, 60, 'Ravensburger',  4.3, 28, '2024-09-19'),
('Art Coloring Book Kids',     'Books',            23, 12.90, 70, 'Crayola',       4.4, 33, '2024-09-20'),
('Board Game Family Edition',  'Books',            23, 39.90, 35, 'Hasbro',        4.5, 38, '2024-09-21'),

('Velvet Matte Lipstick',      'Beauty',           24, 18.90, 90, 'Maybelline',    4.6, 52, '2024-09-22'),
('Rose Face Serum',            'Beauty',           24, 32.00, 50, 'Loreal',        4.7, 44, '2024-09-23'),
('Body Lotion SoftTouch',      'Beauty',           24, 22.50, 70, 'Nivea',         4.5, 30, '2024-09-24'),
('Hair Dryer Pro 2000W',       'Beauty',           24, 55.00, 40, 'Philips',       4.4, 28, '2024-09-25'),

('Professional Basketball',    'Sports',           25, 29.90, 40, 'Wilson',        4.4, 26, '2024-09-26'),
('Running Shoes SprintX',      'Sports',           25, 75.00, 35, 'Nike',          4.6, 34, '2024-09-27'),
('Training Resistance Bands',  'Sports',           25, 18.90, 80, 'Decathlon',     4.3, 22, '2024-09-28'),
('Yoga Mat Premium',           'Sports',           25, 25.90, 60, 'Adidas',        4.5, 30, '2024-09-29'),

('High Waist Jeans',           'Fashion',          26, 49.90, 45, 'Levis',         4.5, 32, '2024-09-30'),
('Silk Scarf Limited',         'Fashion',          26, 29.90, 50, 'Gucci',         4.4, 28, '2024-10-01'),
('Elegant Wool Coat',          'Fashion',          26, 110.00,20, 'Zara',          4.6, 36, '2024-10-02'),
('Casual Cotton Shirt',        'Fashion',          26, 35.00, 70, 'HM',            4.3, 22, '2024-10-03'),

('Gaming Mouse RGB Pro',       'Health',           27, 39.90, 70, 'Razer',         4.5, 48, '2024-10-04'),
('Mechanical Keyboard V2',     'Health',           27, 79.90, 50, 'SteelSeries',   4.6, 41, '2024-10-05'),
('Wireless Gaming Headset',    'Health',           27, 65.00, 40, 'HyperX',        4.4, 35, '2024-10-06'),
('4K Streaming Webcam',        'Health',           27, 95.00, 25, 'Logitech',      4.3, 30, '2024-10-07'),

('Premium Dog Food Beef',      'Pet Supplies',     28, 25.00, 60, 'Purina',        4.6, 38, '2024-10-08'),
('Cat Litter Ultra Absorb',    'Pet Supplies',     28, 18.90, 70, 'Whiskas',       4.5, 34, '2024-10-09'),
('Pet Grooming Brush',         'Pet Supplies',     28, 12.50, 50, 'Trixie',        4.3, 20, '2024-10-10'),
('Dog Leash Nylon Strong',     'Pet Supplies',     28, 14.90, 55, 'Flexi',         4.4, 27, '2024-10-11'),

('Organic Honey 500g',         'Grocery',          29, 22.90, 40, 'Langnese',      4.6, 30, '2024-10-12'),
('Brown Rice 1kg',             'Grocery',          29, 9.90,  70, 'Tilda',         4.4, 25, '2024-10-13'),
('Extra Virgin Olive Oil',     'Grocery',          29, 32.00, 50, 'Bertolli',      4.7, 33, '2024-10-14'),
('Whole Wheat Pasta 500g',     'Grocery',          29, 4.90,  90, 'Barilla',       4.3, 18, '2024-10-15'),

('Ceramic Vase Modern',        'Home',             30, 19.90, 45, 'IKEA',          4.3, 20, '2024-10-16'),
('Wooden Nightstand',          'Home',             30, 85.00, 20, 'IKEA',          4.6, 28, '2024-10-17'),
('LED Desk Lamp Pro',          'Home',             30, 29.90, 55, 'Philips',       4.4, 24, '2024-10-18'),
('Cotton Bed Sheet Set',       'Home',             30, 45.00, 35, 'IKEA',          4.5, 32, '2024-10-19'),

('Bluetooth Speaker MaxSound',      'Electronics', 31, 49.90, 55, 'JBL',           4.4, 28, '2024-10-20'),
('Wireless Earbuds Pro',            'Electronics', 31, 79.00, 40, 'Sony',          4.5, 35, '2024-10-21'),
('Portable Powerbank 20000mAh',     'Electronics', 31, 39.90, 70, 'Anker',         4.3, 22, '2024-10-22'),
('Smart Home Plug WiFi',            'Electronics', 31, 22.90, 65, 'TPLink',        4.2, 18, '2024-10-23'),

('Slim Fit Denim Jacket',           'Fashion',     32, 65.00, 35, 'Levis',         4.3, 26, '2024-10-24'),
('Women Silk Blouse',               'Fashion',     32, 49.90, 40, 'Zara',          4.4, 31, '2024-10-25'),
('Unisex Hoodie Classic',           'Fashion',     32, 35.50, 60, 'HM',            4.2, 20, '2024-10-26'),
('Summer Shorts Pack',              'Fashion',     32, 25.00, 75, 'Mango',         4.1, 15, '2024-10-27'),

('Modern Floor Lamp',               'Home',        33, 45.00, 30, 'IKEA',          4.3, 22, '2024-10-28'),
('Wooden Wall Shelf',               'Home',        33, 29.90, 45, 'IKEA',          4.2, 18, '2024-10-29'),
('Glass Vase Set',                  'Home',        33, 19.90, 55, 'IKEA',          4.4, 25, '2024-10-30'),
('Cotton Curtain Set',              'Home',        33, 35.00, 40, 'IKEA',          4.3, 20, '2024-10-31'),

('Organic Oatmeal 1kg',             'Grocery',     34, 12.90, 60, 'Kelloggs',      4.5, 34, '2024-11-01'),
('Premium Almonds 500g',            'Grocery',     34, 18.90, 50, 'BlueDiamond',   4.6, 40, '2024-11-02'),
('Natural Peanut Butter 350g',      'Grocery',     34, 14.50, 45, 'Skippy',        4.4, 22, '2024-11-03'),
('Herbal Tea Mix 20 Bags',          'Grocery',     34, 7.90,  80, 'Lipton',        4.3, 18, '2024-11-04'),

('Training Jump Rope Steel',        'Sports',      35, 12.90, 70, 'Everlast',      4.3, 21, '2024-11-05'),
('Pro Tennis Racket V5',            'Sports',      35, 85.00, 25, 'Wilson',        4.6, 33, '2024-11-06'),
('Yoga Block Foam',                 'Sports',      35, 9.90,  80, 'Decathlon',     4.2, 17, '2024-11-07'),
('Weighted Wrist Straps',           'Sports',      35, 19.90, 55, 'Nike',          4.4, 27, '2024-11-08'),

('Mystery Novel - Dark Streets',    'Books',       36, 14.90, 50, 'PenguinBooks',  4.6, 45, '2024-11-09'),
('Kids Picture Book Adventure',     'Books',       36, 9.90,  70, 'Scholastic',    4.4, 28, '2024-11-10'),
('Science Encyclopedia Vol.1',      'Books',       36, 29.90, 35, 'DK',            4.5, 32, '2024-11-11'),
('Poetry Collection Classics',      'Books',       36, 12.50, 55, 'PenguinBooks',  4.3, 20, '2024-11-12'),

('Acoustic Guitar Beginner Kit',    'Music',       37, 89.00, 25, 'Yamaha',        4.5, 36, '2024-11-13'),
('Digital Piano 61 Keys',           'Music',       37, 159.00,20, 'Casio',         4.4, 30, '2024-11-14'),
('Violin Student Edition',          'Music',       37, 129.00,18, 'Stentor',       4.3, 22, '2024-11-15'),
('Ukulele Soprano Wood',            'Music',       37, 39.90, 45, 'Kala',          4.4, 26, '2024-11-16'),
('Garden Hose 20m',                     'Garden',       38, 24.90, 60, 'Gardena',        4.3, 22, '2024-11-17'),
('Flower Pot Ceramic XL',               'Garden',       38, 18.90, 50, 'Gardena',        4.4, 27, '2024-11-18'),
('Gardening Gloves Set',                'Garden',       38, 12.50, 70, 'Gardena',        4.2, 19, '2024-11-19'),
('Fertilizer Mix 5kg',                  'Garden',       38, 15.90, 55, 'Scotts',         4.3, 20, '2024-11-20'),

('Car Cleaning Foam 750ml',              'Automotive',   39, 11.90, 70, 'Meguiars',       4.3, 19, '2024-11-21'),
('Universal Car Phone Holder',          'Automotive',   39, 9.90,  90, 'Baseus',         4.4, 23, '2024-11-22'),
('Tire Repair Kit Pro',                 'Automotive',   39, 25.50, 35, 'Michelin',       4.2, 15, '2024-11-23'),
('Dashboard Polish Spray',              'Automotive',   39, 7.50,  80, 'TurtleWax',      4.1, 14, '2024-11-24'),

('Hydrating Face Mask Pack',            'Beauty',       40, 17.90, 75, 'Garnier',        4.5, 33, '2024-11-25'),
('Nourishing Hair Oil 100ml',           'Beauty',       40, 21.90, 50, 'Loreal',         4.6, 30, '2024-11-26'),
('Matte Liquid Lipstick',               'Beauty',       40, 12.50, 85, 'Maybelline',     4.4, 22, '2024-11-27'),
('Aloe Vera Skin Gel 200ml',            'Beauty',       40, 14.90, 60, 'TheBodyShop',    4.3, 18, '2024-11-28'),

('Wireless Noise Cancelling Headphones', 'Electronics',  41, 129.90, 40, 'Sony',          4.5, 34, '2024-11-01'),
('USB-C Fast Charger 30W',              'Electronics',  41, 24.90,  80, 'Anker',         4.4, 28, '2024-11-02'),
('Portable SSD 1TB',                    'Electronics',  41, 159.00, 35, 'Samsung',       4.6, 40, '2024-11-03'),
('Smartphone Holder Car Mount',         'Electronics',  41, 14.90,  70, 'Baseus',        4.2, 22, '2024-11-04'),
('Bluetooth Soundbar',                  'Electronics',  41, 89.90,  25, 'JBL',           4.3, 25, '2024-11-05'),
('WiFi Router Dual Band',               'Electronics',  41, 59.90,  50, 'TPLink',        4.4, 27, '2024-11-06'),
('USB Flash Drive 64GB',                'Electronics',  41, 12.90, 120, 'Sandisk',       4.1, 18, '2024-11-07'),
('Wireless Optical Mouse',              'Electronics',  41, 19.90,  90, 'Logitech',      4.2, 20, '2024-11-08'),
('Mechanical Keyboard Blue Switch',     'Electronics',  41, 79.90,  40, 'Razer',         4.5, 33, '2024-11-09'),
('27 Inch IPS Monitor',                 'Electronics',  41, 189.00, 20, 'LG',            4.6, 36, '2024-11-10'),
('HDMI Cable 3m',                       'Electronics',  41, 9.90,  150, 'Ugreen',        4.0, 15, '2024-11-11'),
('Laptop Cooling Stand',                'Electronics',  41, 29.90,  60, 'CoolerMaster',  4.1, 17, '2024-11-12'),
('Action Camera 4K',                    'Electronics',  41, 139.00, 22, 'GoPro',         4.3, 24, '2024-11-13'),
('Smartwatch Fitness Tracker',          'Electronics',  41, 69.90,  55, 'Xiaomi',        4.4, 29, '2024-11-14'),
('Webcam FullHD',                       'Electronics',  41, 49.90,  45, 'Logitech',      4.2, 21, '2024-11-15'),
('Women Trench Coat',                   'Fashion', 42, 89.90, 30, 'Zara',          4.4, 26, '2024-11-16'),
('Men Casual Blazer',                   'Fashion', 42, 79.90, 25, 'HM',            4.3, 22, '2024-11-17'),
('Slim Fit Chino Pants',                'Fashion', 42, 49.90, 45, 'Mango',         4.2, 24, '2024-11-18'),
('Basic Cotton TShirt Pack',            'Fashion', 42, 29.90, 80, 'Uniqlo',        4.1, 20, '2024-11-19'),
('Summer Floral Dress',                 'Fashion', 42, 59.90, 35, 'Stradivarius',  4.5, 30, '2024-11-20'),
('Winter Wool Scarf',                   'Fashion', 42, 19.90, 70, 'Bershka',       4.3, 21, '2024-11-21'),
('Leather Belt Classic',                'Fashion', 42, 24.90, 60, 'TommyHilfiger', 4.2, 19, '2024-11-22'),
('Denim Skirt Midi',                    'Fashion', 42, 39.90, 40, 'Levis',         4.1, 17, '2024-11-23'),
('Unisex Beanie Hat',                   'Fashion', 42, 14.90, 90, 'PullBear',      4.0, 15, '2024-11-24'),
('Sports Leggings High Waist',          'Fashion', 42, 34.90, 50, 'Nike',          4.4, 23, '2024-11-25'),
('Formal White Shirt',                  'Fashion', 42, 39.90, 55, 'HM',            4.3, 22, '2024-11-26'),
('Oversized Hoodie',                    'Fashion', 42, 44.90, 45, 'Adidas',        4.2, 21, '2024-11-27'),
('Linen Shorts',                        'Fashion', 42, 27.90, 65, 'Zara',          4.1, 18, '2024-11-28'),
('Knitted Cardigan',                    'Fashion', 42, 54.90, 30, 'Mango',         4.4, 24, '2024-11-29'),
('Ankle Boots Faux Leather',            'Fashion', 42, 69.90, 28, 'Puma',          4.3, 23, '2024-11-30'),

('NonStick Frying Pan 28cm',            'Home',    43, 34.90, 60, 'Tefal',         4.3, 25, '2024-12-01'),
('Stainless Steel Pot Set',             'Home',    43, 79.90, 30, 'Tefal',         4.4, 28, '2024-12-02'),
('Bedding Set Queen Size',              'Home',    43, 89.00, 25, 'IKEA',          4.5, 30, '2024-12-03'),
('Decorative Cushion 2Pack',            'Home',    43, 24.90, 70, 'IKEA',          4.2, 22, '2024-12-04'),
('Kitchen Utensil Set 10pcs',           'Home',    43, 29.90, 50, 'Bosch',         4.3, 24, '2024-12-05'),
('Wall Clock Modern',                   'Home',    43, 19.90, 45, 'Philips',       4.1, 18, '2024-12-06'),
('Laundry Hamper Foldable',             'Home',    43, 22.90, 55, 'IKEA',          4.2, 20, '2024-12-07'),
('Glass Food Container Set',            'Home',    43, 27.90, 40, 'Pyrex',         4.3, 21, '2024-12-08'),
('NonSlip Bath Mat',                    'Home',    43, 14.90, 65, 'IKEA',          4.0, 16, '2024-12-09'),
('Door Mat Outdoor',                    'Home',    43, 17.90, 50, 'IKEA',          4.1, 17, '2024-12-10'),
('Ironing Board Compact',               'Home',    43, 49.90, 20, 'Vileda',        4.2, 19, '2024-12-11'),
('Cutlery Set 24pcs',                   'Home',    43, 39.90, 35, 'Zwilling',      4.3, 23, '2024-12-12'),
('Serving Tray Bamboo',                 'Home',    43, 18.90, 55, 'IKEA',          4.1, 18, '2024-12-13'),
('Picture Frame Set',                   'Home',    43, 16.90, 60, 'IKEA',          4.0, 15, '2024-12-14'),
('Storage Basket Fabric',               'Home',    43, 12.90, 75, 'IKEA',          4.2, 20, '2024-12-15'),

('Moisturizing Day Cream',              'Beauty', 44, 24.90, 70,  'Nivea',        4.5, 32, '2024-12-16'),
('AntiAging Night Serum',               'Beauty', 44, 39.90, 45,  'Loreal',       4.6, 30, '2024-12-17'),
('Cleansing Foam 150ml',                'Beauty', 44, 17.90, 80,  'Garnier',      4.4, 27, '2024-12-18'),
('Micellar Water 400ml',                'Beauty', 44, 14.90, 75,  'Bioderma',     4.3, 24, '2024-12-19'),
('Sunscreen SPF50 Face',                'Beauty', 44, 29.90, 60,  'LaRochePosay', 4.5, 29, '2024-12-20'),
('Nourishing Hair Mask',                'Beauty', 44, 21.90, 55,  'Pantene',      4.4, 26, '2024-12-21'),
('Argan Hair Oil 50ml',                 'Beauty', 44, 19.90, 50,  'Moroccanoil',  4.3, 23, '2024-12-22'),
('Matte Lipstick Set 3pcs',             'Beauty', 44, 27.90, 65,  'Maybelline',   4.5, 31, '2024-12-23'),
('Black Mascara Volume',                'Beauty', 44, 16.90, 90,  'Loreal',       4.2, 22, '2024-12-24'),
('Eyebrow Pencil Duo',                  'Beauty', 44, 12.90, 85,  'NYX',          4.1, 20, '2024-12-25'),
('Compact Powder Natural',              'Beauty', 44, 18.90, 70,  'MaxFactor',    4.3, 24, '2024-12-26'),
('Hand Cream Shea Butter',              'Beauty', 44, 9.90,  100, 'TheBodyShop',  4.2, 28, '2024-12-27'),
('Body Scrub Coffee',                   'Beauty', 44, 19.90, 60,  'Sephora',      4.4, 25, '2024-12-28'),
('Clay Face Mask',                      'Beauty', 44, 15.90, 70,  'Garnier',      4.3, 21, '2024-12-29'),
('Makeup Remover Wipes',                'Beauty', 44, 8.90,  120, 'Nivea',        4.0, 19, '2024-12-30'),

('Men Running Shoes Pro',               'Sports', 45, 89.90, 35,  'Nike',         4.4, 27, '2024-12-31'),
('Women Training Shoes',                'Sports', 45, 79.90, 30,  'Adidas',       4.3, 25, '2025-01-01'),
('Gym Duffle Bag',                      'Sports', 45, 39.90, 45,  'Puma',         4.2, 22, '2025-01-02'),
('Compression Socks Pair',              'Sports', 45, 14.90, 80,  'Decathlon',    4.1, 20, '2025-01-03'),
('Sports Water Bottle 1L',              'Sports', 45, 12.90, 90,  'Nike',         4.3, 24, '2025-01-04'),
('Fitness Tracker Band',                'Sports', 45, 49.90, 40,  'Xiaomi',       4.4, 26, '2025-01-05'),
('Foam Roller Medium',                  'Sports', 45, 24.90, 50,  'Reebok',       4.2, 21, '2025-01-06'),
('PushUp Bar Set',                      'Sports', 45, 19.90, 60,  'Decathlon',    4.1, 19, '2025-01-07'),
('Training Cones Set 10pcs',            'Sports', 45, 17.90, 55,  'Decathlon',    4.0, 17, '2025-01-08'),
('Stretching Strap',                    'Sports', 45, 11.90, 70,  'Reebok',       4.1, 18, '2025-01-09'),
('Sports Headband 2Pack',               'Sports', 45, 9.90,  85,  'Nike',         4.0, 16, '2025-01-10'),
('Cycling Gloves Padded',               'Sports', 45, 21.90, 40,  'Giro',         4.3, 23, '2025-01-11'),
('Shin Guards Football',                'Sports', 45, 18.90, 50,  'Adidas',       4.2, 20, '2025-01-12'),
('Tennis Balls Pack of 3',              'Sports', 45, 8.90,  100, 'Wilson',       4.1, 19, '2025-01-13'),
('Jump Rope Speed',                     'Sports', 45, 13.90, 75,  'Everlast',     4.2, 21, '2025-01-14'),

('Vitamin C Tablets 10pcs',            'Health',          46, 10.00, 80,  'Solgar',        4.2, 18, '2025-01-15'),
('Vitamin C Tablets 20pcs',            'Health',          46, 10.10, 78,  'Solgar',        4.3, 21, '2025-01-16'),
('Vitamin C Tablets 30pcs',            'Health',          46, 10.20, 76,  'Solgar',        4.4, 24, '2025-01-17'),
('Vitamin C Tablets 40pcs',            'Health',          46, 10.30, 74,  'Solgar',        4.5, 27, '2025-01-18'),
('Vitamin C Tablets 50pcs',            'Health',          46, 10.40, 72,  'Solgar',        4.6, 30, '2025-01-19'),
('Vitamin C Tablets 60pcs',            'Health',          46, 10.50, 70,  'Solgar',        4.1, 33, '2025-01-20'),
('Vitamin C Tablets 70pcs',            'Health',          46, 10.60, 68,  'Solgar',        4.2, 36, '2025-01-21'),
('Vitamin C Tablets 80pcs',            'Health',          46, 10.70, 66,  'Solgar',        4.3, 39, '2025-01-22'),
('Vitamin C Tablets 90pcs',            'Health',          46, 10.80, 64,  'Solgar',        4.4, 42, '2025-01-23'),
('Vitamin C Tablets 100pcs',           'Health',          46, 10.90, 62,  'Solgar',        4.5, 45, '2025-01-24'),

('Multivitamin Complex Formula 11',    'Health',          46, 16.90, 59,  'Centrum',       4.2, 18, '2025-01-25'),
('Multivitamin Complex Formula 12',    'Health',          46, 17.10, 58,  'Centrum',       4.3, 21, '2025-01-26'),
('Multivitamin Complex Formula 13',    'Health',          46, 17.30, 57,  'Centrum',       4.4, 24, '2025-01-27'),
('Multivitamin Complex Formula 14',    'Health',          46, 17.50, 56,  'Centrum',       4.5, 27, '2025-01-28'),
('Multivitamin Complex Formula 15',    'Health',          46, 17.70, 55,  'Centrum',       4.6, 30, '2025-01-29'),
('Multivitamin Complex Formula 16',    'Health',          46, 17.90, 54,  'Centrum',       4.1, 33, '2025-01-30'),
('Multivitamin Complex Formula 17',    'Health',          46, 18.10, 53,  'Centrum',       4.2, 36, '2025-01-31'),
('Multivitamin Complex Formula 18',    'Health',          46, 18.30, 52,  'Centrum',       4.3, 39, '2025-02-01'),
('Multivitamin Complex Formula 19',    'Health',          46, 18.50, 51,  'Centrum',       4.4, 42, '2025-02-02'),
('Multivitamin Complex Formula 20',    'Health',          46, 18.70, 50,  'Centrum',       4.5, 45, '2025-02-03'),

('Omega-3 Fish Oil 2100mg',            'Health',          46, 21.40, 59,  'NowFoods',      4.2, 18, '2025-02-04'),
('Omega-3 Fish Oil 2200mg',            'Health',          46, 21.55, 58,  'NowFoods',      4.3, 21, '2025-02-05'),
('Omega-3 Fish Oil 2300mg',            'Health',          46, 21.70, 57,  'NowFoods',      4.4, 24, '2025-02-06'),
('Omega-3 Fish Oil 2400mg',            'Health',          46, 21.85, 56,  'NowFoods',      4.5, 27, '2025-02-07'),
('Omega-3 Fish Oil 2500mg',            'Health',          46, 22.00, 55,  'NowFoods',      4.6, 30, '2025-02-08'),
('Omega-3 Fish Oil 2600mg',            'Health',          46, 22.15, 54,  'NowFoods',      4.1, 33, '2025-02-09'),
('Omega-3 Fish Oil 2700mg',            'Health',          46, 22.30, 53,  'NowFoods',      4.2, 36, '2025-02-10'),
('Omega-3 Fish Oil 2800mg',            'Health',          46, 22.45, 52,  'NowFoods',      4.3, 39, '2025-02-11'),
('Omega-3 Fish Oil 2900mg',            'Health',          46, 22.60, 51,  'NowFoods',      4.4, 42, '2025-02-12'),
('Omega-3 Fish Oil 3000mg',            'Health',          46, 22.75, 50,  'NowFoods',      4.5, 45, '2025-02-13'),

('Herbal Detox Tea Blend #31',         'Health',          46, 8.90,  90,  'Twinings',      4.2, 18, '2025-02-14'),
('Herbal Detox Tea Blend #32',         'Health',          46, 9.00,  88,  'Twinings',      4.3, 21, '2025-02-15'),
('Herbal Detox Tea Blend #33',         'Health',          46, 9.10,  86,  'Twinings',      4.4, 24, '2025-02-16'),
('Herbal Detox Tea Blend #34',         'Health',          46, 9.20,  84,  'Twinings',      4.5, 27, '2025-02-17'),
('Herbal Detox Tea Blend #35',         'Health',          46, 9.30,  82,  'Twinings',      4.6, 30, '2025-02-18'),
('Herbal Detox Tea Blend #36',         'Health',          46, 9.40,  80,  'Twinings',      4.1, 33, '2025-02-19'),
('Herbal Detox Tea Blend #37',         'Health',          46, 9.50,  78,  'Twinings',      4.2, 36, '2025-02-20'),
('Herbal Detox Tea Blend #38',         'Health',          46, 9.60,  76,  'Twinings',      4.3, 39, '2025-02-21'),
('Herbal Detox Tea Blend #39',         'Health',          46, 9.70,  74,  'Twinings',      4.4, 42, '2025-02-22'),
('Herbal Detox Tea Blend #40',         'Health',          46, 9.80,  72,  'Twinings',      4.5, 45, '2025-02-23'),

('Medical Face Mask Box 205pcs',       'Health',          46, 6.40, 100,  '3M',            4.2, 18, '2025-02-24'),
('Medical Face Mask Box 210pcs',       'Health',          46, 6.45, 97,   '3M',            4.3, 21, '2025-02-25'),
('Medical Face Mask Box 215pcs',       'Health',          46, 6.50, 94,   '3M',            4.4, 24, '2025-02-26'),
('Medical Face Mask Box 220pcs',       'Health',          46, 6.55, 91,   '3M',            4.5, 27, '2025-02-27'),
('Medical Face Mask Box 225pcs',       'Health',          46, 6.60, 88,   '3M',            4.6, 30, '2025-02-28'),
('Medical Face Mask Box 230pcs',       'Health',          46, 6.65, 85,   '3M',            4.1, 33, '2025-03-01'),
('Medical Face Mask Box 235pcs',       'Health',          46, 6.70, 82,   '3M',            4.2, 36, '2025-03-02'),
('Medical Face Mask Box 240pcs',       'Health',          46, 6.75, 79,   '3M',            4.3, 39, '2025-03-03'),
('Medical Face Mask Box 245pcs',       'Health',          46, 6.80, 76,   '3M',            4.4, 42, '2025-03-04'),
('Medical Face Mask Box 250pcs',       'Health',          46, 6.85, 73,   '3M',            4.5, 45, '2025-03-05'),

('Pro Gaming Mouse RGB',               'Gaming',          47, 39.90, 70,  'Razer',         4.5, 38, '2025-03-06'),
('Mechanical Keyboard TKL',            'Gaming',          47, 89.90, 40,  'SteelSeries',   4.6, 36, '2025-03-07'),
('Gaming Headset Surround',            'Gaming',          47, 69.90, 45,  'HyperX',        4.4, 32, '2025-03-08'),
('RGB Mousepad XL',                    'Gaming',          47, 24.90, 80,  'Razer',         4.3, 28, '2025-03-09'),
('Streaming USB Microphone',           'Gaming',          47, 79.90, 30,  'Blue',          4.4, 30, '2025-03-10'),
('Console Controller Wireless',        'Gaming',          47, 59.90, 50,  'Xbox',          4.3, 27, '2025-03-11'),
('Gaming Chair Ergonomic',             'Gaming',          47, 199.00,15,  'DXRacer',       4.5, 29, '2025-03-12'),
('VR Headset Basic',                   'Gaming',          47, 129.00,20,  'Oculus',        4.2, 24, '2025-03-13'),
('Gamepad Charging Dock',              'Gaming',          47, 29.90, 55,  'PowerA',        4.2, 23, '2025-03-14'),
('Gaming Backpack',                    'Gaming',          47, 54.90, 35,  'Razer',         4.3, 25, '2025-03-15'),
('PC Game Action Pack',                'Gaming',          47, 34.90, 60,  'EA',            4.1, 20, '2025-03-16'),
('Console Game RPG Edition',           'Gaming',          47, 49.90, 50,  'SquareEnix',    4.2, 22, '2025-03-17'),
('Webcam 1080p Streaming',             'Gaming',          47, 44.90, 40,  'Logitech',      4.3, 21, '2025-03-18'),
('Controller Thumb Grips Set',         'Gaming',          47, 9.90,  90,  'KontrolFreek',  4.0, 18, '2025-03-19'),
('Headset Stand RGB',                  'Gaming',          47, 22.90, 65,  'Corsair',       4.1, 19, '2025-03-20'),

('A4 Notebook 200 Pages',              'Office Supplies', 48, 6.90,  120, 'Moleskine',     4.2, 20, '2025-03-21'),
('Ballpoint Pen Set 10pcs',            'Office Supplies', 48, 5.90,  150, 'Bic',           4.1, 18, '2025-03-22'),
('Highlighter Set 6 Colors',           'Office Supplies', 48, 7.90,  90,  'Stabilo',       4.3, 21, '2025-03-23'),
('Desk Organizer Tray',                'Office Supplies', 48, 14.90, 60,  'Staples',       4.2, 19, '2025-03-24'),
('Office Chair Cushion',               'Office Supplies', 48, 24.90, 40,  'IKEA',          4.4, 24, '2025-03-25'),
('Stapler Metal',                      'Office Supplies', 48, 9.90,  80,  'Rexel',         4.1, 17, '2025-03-26'),
('Paper Clips Box 100pcs',             'Office Supplies', 48, 3.90,  200, '3M',            4.0, 16, '2025-03-27'),
('Whiteboard Markers 4pcs',            'Office Supplies', 48, 8.90,  85,  'Pilot',         4.2, 20, '2025-03-28'),
('Desk Lamp Adjustable',               'Office Supplies', 48, 29.90, 35,  'Philips',       4.3, 22, '2025-03-29'),
('Document File Folder Set',           'Office Supplies', 48, 11.90, 100, 'Esselte',       4.1, 18, '2025-03-30'),
('Sticky Notes Pack',                  'Office Supplies', 48, 4.90,  160, 'PostIt',        4.0, 17, '2025-03-31'),
('Printer Paper A4 500 Sheets',        'Office Supplies', 48, 19.90, 70,  'DoubleA',       4.3, 23, '2025-04-01'),
('Bullet Journal Dotted',              'Office Supplies', 48, 12.90, 55,  'Leuchtturm1917',4.2, 19, '2025-04-02'),
('Laptop Stand Office',                'Office Supplies', 48, 34.90, 30,  'RainDesign',    4.4, 24, '2025-04-03'),
('Cork Notice Board',                  'Office Supplies', 48, 17.90, 45,  '3M',            4.1, 18, '2025-04-04'),

('Organic Brown Sugar 1kg',            'Grocery',         49, 9.90,  70,  'Kelloggs',      4.4, 28, '2025-04-05'),
('Whole Grain Flour 1kg',              'Grocery',         49, 8.90,  65,  'Barilla',       4.3, 24, '2025-04-06'),
('Premium Olive Oil 1L',               'Grocery',         49, 24.90, 40,  'Bertolli',      4.5, 30, '2025-04-07'),
('Sunflower Oil 1L',                   'Grocery',         49, 12.90, 60,  'Flora',         4.2, 22, '2025-04-08'),
('Canned Tuna in Olive Oil',           'Grocery',         49, 3.90,  120, 'RioMare',       4.3, 25, '2025-04-09'),
('Chickpeas Dry 1kg',                  'Grocery',         49, 5.90,  80,  'Goya',          4.2, 23, '2025-04-10'),
('Red Lentils 1kg',                    'Grocery',         49, 5.50,  85,  'Goya',          4.3, 24, '2025-04-11'),
('Tomato Paste Jar 700g',              'Grocery',         49, 6.90,  75,  'Heinz',         4.1, 20, '2025-04-12'),
('Basmati Rice 1kg',                   'Grocery',         49, 11.90, 55,  'Tilda',         4.4, 27, '2025-04-13'),
('Breakfast Cereal Honey',             'Grocery',         49, 7.90,  70,  'Nestle',        4.2, 22, '2025-04-14'),
('Hazelnut Spread 400g',               'Grocery',         49, 16.90, 45,  'Nutella',       4.3, 24, '2025-04-15'),
('Instant Coffee 200g',                'Grocery',         49, 13.90, 50,  'Nescafe',       4.2, 23, '2025-04-16'),
('Herbal Tea Chamomile',               'Grocery',         49, 4.90,  90,  'Lipton',        4.1, 19, '2025-04-17'),
('Sea Salt Fine 1kg',                  'Grocery',         49, 3.50,  100, 'Cerebos',       4.0, 18, '2025-04-18'),
('Organic Apple Juice 1L',             'Grocery',         49, 5.90,  65,  'Granini',       4.2, 21, '2025-04-19'),

('Electric Guitar Starter',            'Music',           50, 199.00,20,  'Fender',        4.5, 32, '2025-04-20'),
('Guitar Strings Set',                 'Music',           50, 9.90,  100, 'ErnieBall',     4.2, 20, '2025-04-21'),
('Drum Sticks Pair',                   'Music',           50, 7.90,  90,  'VicFirth',      4.1, 18, '2025-04-22'),
('Keyboard Stand Adjustable',          'Music',           50, 39.90, 40,  'Roland',        4.3, 22, '2025-04-23'),
('Microphone Stand Boom',              'Music',           50, 29.90, 45,  'KandM',         4.2, 21, '2025-04-24'),
('Studio Headphones ClosedBack',       'Music',           50, 89.90, 30,  'Sony',          4.4, 27, '2025-04-25'),
('Guitar Amplifier 20W',               'Music',           50, 129.00,18,  'Marshall',      4.3, 24, '2025-04-26'),
('Music Stand Foldable',               'Music',           50, 19.90, 60,  'Hercules',      4.1, 19, '2025-04-27'),
('Violin Shoulder Rest',               'Music',           50, 14.90, 50,  'Kun',           4.2, 20, '2025-04-28'),
('Metronome Digital',                  'Music',           50, 24.90, 35,  'Korg',          4.3, 22, '2025-04-29'),
('Guitar Capo Metal',                  'Music',           50, 8.90,  80,  'DAddario',      4.1, 18, '2025-04-30'),
('Instrument Cable 3m',                'Music',           50, 11.90, 70,  'PlanetWaves',   4.2, 19, '2025-05-01'),
('Trumpet Care Kit',                   'Music',           50, 21.90, 25,  'Yamaha',        4.0, 16, '2025-05-02'),
('Clarinet Reeds Pack 10',             'Music',           50, 17.90, 55,  'Vandoren',      4.1, 17, '2025-05-03'),
('Saxophone Strap Padded',             'Music',           50, 16.90, 40,  'BG',            4.2, 19, '2025-05-04'),
('Wireless Gaming Headset',            'Electronics',     51, 79.90, 45,  'Logitech',      4.4, 28, '2025-05-05'),

('USB-C Hub 6in1',                     'Electronics', 51, 39.90, 60, 'Anker',        4.3, 24, '2025-05-06'),
('Portable Bluetooth Speaker Mini',    'Electronics', 51, 29.90, 75, 'JBL',          4.2, 21, '2025-05-07'),
('Wireless Keyboard Mouse Combo',      'Electronics', 51, 49.90, 50, 'Logitech',     4.3, 25, '2025-05-08'),
('1080p PC Webcam',                    'Electronics', 51, 44.90, 40, 'Sony',         4.1, 18, '2025-05-09'),
('Laptop Cooling Pad Dual Fan',        'Electronics', 51, 34.90, 55, 'Baseus',       4.2, 20, '2025-05-10'),

('Women Knit Sweater',                 'Fashion',     52, 59.90, 40, 'Zara',         4.4, 26, '2025-05-11'),
('High Waist Jeans',                   'Fashion',     52, 54.90, 45, 'H&M',          4.3, 24, '2025-05-12'),
('Oversize Cotton Tshirt',             'Fashion',     52, 24.90, 70, 'Uniqlo',       4.2, 22, '2025-05-13'),
('Pleated Midi Skirt',                 'Fashion',     52, 49.90, 35, 'Zara',         4.3, 23, '2025-05-14'),
('Classic Trench Coat',                'Fashion',     52, 99.90, 25, 'Mango',        4.5, 29, '2025-05-15'),
('Leather Shoulder Bag',               'Fashion',     52, 69.90, 30, 'MichaelKors',  4.4, 27, '2025-05-16'),

('Bamboo Serving Board',               'Home',        53, 19.90, 60, 'IKEA',         4.3, 21, '2025-05-17'),
('Velvet Cushion Cover Set',           'Home',        53, 24.90, 55, 'IKEA',         4.2, 20, '2025-05-18'),
('Soft Microfiber Blanket',            'Home',        53, 39.90, 45, 'Philips',      4.4, 26, '2025-05-19'),
('Ceramic Mug Set 4pcs',               'Home',        53, 22.90, 70, 'IKEA',         4.1, 18, '2025-05-20'),
('NonSlip Bath Rug',                   'Home',        53, 17.90, 65, 'IKEA',         4.0, 16, '2025-05-21'),
('Wall Art Canvas Print',              'Home',        53, 34.90, 35, 'IKEA',         4.2, 19, '2025-05-22'),

('Hydrating Face Mist 150ml',          'Beauty',      54, 18.90, 80, 'Loreal',       4.4, 27, '2025-05-23'),
('Brightening Eye Cream',              'Beauty',      54, 29.90, 50, 'Garnier',      4.5, 30, '2025-05-24'),
('Matte Foundation SPF20',             'Beauty',      54, 27.90, 55, 'Maybelline',   4.3, 24, '2025-05-25'),
('Lip Gloss Nude Shine',               'Beauty',      54, 14.90, 90, 'Sephora',      4.2, 22, '2025-05-26'),
('Silky Body Lotion 400ml',            'Beauty',      54, 19.90, 75, 'Nivea',        4.3, 23, '2025-05-27'),
('Hair Repair Mask 250ml',             'Beauty',      54, 21.90, 60, 'Loreal',       4.4, 25, '2025-05-28'),

('Men Training Shorts',                'Sports',      55, 29.90, 60, 'Nike',         4.2, 21, '2025-05-29'),
('Women Sports Bra Medium Support',    'Sports',      55, 34.90, 50, 'Adidas',       4.3, 23, '2025-05-30'),
('Gym Towel Quick Dry',                'Sports',      55, 14.90, 80, 'Puma',         4.1, 19, '2025-05-31'),
('Resistance Band Heavy',              'Sports',      55, 16.90, 75, 'Reebok',       4.3, 24, '2025-06-01'),
('Foam Yoga Block',                    'Sports',      55, 12.90, 70, 'Adidas',       4.2, 20, '2025-06-02'),
('Running Waist Belt',                 'Sports',      55, 19.90, 55, 'Nike',         4.2, 22, '2025-06-03'),

('Contemporary Novel Midnight City',   'Books',       56, 18.90, 45, 'Penguin',        4.5, 32, '2025-06-04'),
('Historical Fiction Empire Dawn',     'Books',       56, 21.90, 40, 'HarperCollins',  4.4, 28, '2025-06-05'),
('SelfHelp Book Mind Focus',           'Books',       56, 24.90, 35, 'Penguin',        4.3, 25, '2025-06-06'),
('Programming Basics in C',            'Books',       56, 29.90, 30, 'OReilly',        4.6, 34, '2025-06-07'),
('Data Structures Illustrated',        'Books',       56, 34.90, 28, 'OReilly',        4.5, 31, '2025-06-08'),
('Kids Fairy Tale Collection',         'Books',       56, 16.90, 60, 'Scholastic',     4.4, 27, '2025-06-09'),

('Portable Projector Mini',            'Electronics', 57, 119.90,25, 'Xiaomi',        4.4, 29, '2025-06-10'),
('Smart LED Strip 5m',                 'Electronics', 57, 24.90, 80, 'Philips',       4.3, 24, '2025-06-11'),
('USB-C Laptop Charger 65W',           'Electronics', 57, 49.90, 40, 'Anker',         4.5, 30, '2025-06-12'),
('Noise Cancelling Earbuds',           'Electronics', 57, 69.90, 45, 'Sony',          4.4, 28, '2025-06-13'),
('Wireless Presenter Remote',          'Electronics', 57, 27.90, 55, 'Logitech',      4.2, 21, '2025-06-14'),
('USB Desk Fan Silent',                'Electronics', 57, 19.90, 70, 'Baseus',        4.1, 19, '2025-06-15'),

('Glow Serum with Vitamin C',          'Beauty',      58, 32.90, 50, 'Loreal',       4.5, 30, '2025-06-16'),
('BB Cream Light Coverage',            'Beauty',      58, 24.90, 55, 'Maybelline',   4.3, 24, '2025-06-17'),
('Nude Eyeshadow Palette',             'Beauty',      58, 39.90, 40, 'Sephora',      4.4, 27, '2025-06-18'),
('Lip Balm Cocoa Butter',              'Beauty',      58, 7.90,  90, 'Nivea',        4.2, 22, '2025-06-19'),
('Hydrating Sheet Mask 5Pack',         'Beauty',      58, 19.90, 70, 'Garnier',      4.3, 25, '2025-06-20'),
('Nail Care Set 6in1',                 'Beauty',      58, 21.90, 60, 'Loreal',       4.2, 21, '2025-06-21'),

('Granola Mix with Almonds 500g',      'Grocery',     59, 11.90, 70, 'Kelloggs',     4.3, 24, '2025-06-22'),
('Organic Honey 450g',                 'Grocery',     59, 18.90, 50, 'NatureMade',   4.5, 29, '2025-06-23'),
('Whole Wheat Pasta 500g',             'Grocery',     59, 4.90,  90, 'Barilla',      4.2, 21, '2025-06-24'),
('Greek Style Yogurt 1kg',             'Grocery',     59, 7.90,  60, 'Danone',       4.3, 23, '2025-06-25'),
('Roasted Coffee Beans 1kg',           'Grocery',     59, 24.90, 40, 'Jacobs',       4.4, 27, '2025-06-26'),
('Mixed Nuts Snack Pack 300g',         'Grocery',     59, 12.90, 65, 'Kelloggs',     4.3, 25, '2025-06-27'),

('Vitamin D3 Softgels 60pcs',          'Health',      60, 19.90, 55, 'GNC',          4.4, 26, '2025-06-28'),
('Magnesium Tablets 90pcs',            'Health',      60, 17.90, 60, 'NatureMade',   4.3, 24, '2025-06-29'),
('Probiotic Capsules 30pcs',           'Health',      60, 24.90, 45, 'Solgar',       4.5, 29, '2025-06-30'),
('Collagen Powder 300g',               'Health',      60, 29.90, 40, 'Solgar',       4.4, 27, '2025-07-01'),
('Electrolyte Drink Mix 20 Sachets',   'Health',      60, 14.90, 65, 'GNC',          4.2, 22, '2025-07-02'),
('Herbal Sleep Tea 25 Bags',           'Health',      60, 9.90,  75, 'Lipton',       4.1, 20, '2025-07-03'),

('Organic Oatmeal 1kg',                'Grocery',     59, 9.90,  80, 'Kelloggs',     4.3, 24, '2025-07-04'),
('Almond Milk Unsweetened 1L',         'Grocery',     59, 12.50, 60, 'Danone',       4.4, 26, '2025-07-05'),
('GlutenFree Bread Loaf',              'Grocery',     59, 6.90,  55, 'Nestle',       4.1, 19, '2025-07-06'),
('Brown Rice 2kg',                     'Grocery',     59, 15.90, 70, 'Barilla',      4.2, 21, '2025-07-07'),
('Peanut Butter Smooth 500g',          'Grocery',     59, 16.90, 50, 'Kelloggs',     4.4, 28, '2025-07-08'),
('Olive Oil Extra Virgin 1L',          'Grocery',     59, 29.90, 45, 'Nestle',       4.5, 30, '2025-07-09'),
('Chia Seeds 300g',                    'Grocery',     59, 11.50, 65, 'Kelloggs',     4.3, 23, '2025-07-10'),
('Canned Tuna in Olive Oil 3Pack',     'Grocery',     59, 13.90, 75, 'Nestle',       4.2, 22, '2025-07-11'),
('Tomato Pasta Sauce 700g',            'Grocery',     59, 8.90,  80, 'Barilla',      4.1, 18, '2025-07-12'),
('Sparkling Mineral Water 6x1L',       'Grocery',     59, 9.50,  90, 'Nestle',       4.0, 17, '2025-07-13'),

('Wireless ANC Headphones',            'Electronics', 61, 129.90,40, 'Sony',         4.5, 34, '2025-03-01'),
('4K Streaming Media Player',          'Electronics', 61, 89.90, 35, 'Amazon',       4.4, 28, '2025-03-02'),
('Portable SSD 1TB USB-C',             'Electronics', 61, 149.00,30, 'Samsung',      4.6, 41, '2025-03-03'),
('Bluetooth Soundbar 2.1',             'Electronics', 61, 119.90,25, 'LG',           4.3, 26, '2025-03-04'),
('USB-C Fast Charger 45W',             'Electronics', 61, 29.90, 80, 'Anker',        4.4, 32, '2025-03-05'),
('Wireless Gaming Mouse',              'Electronics', 61, 39.90, 70, 'Logitech',     4.5, 38, '2025-03-06'),

('Women Midi Summer Dress',            'Fashion',     62, 49.90, 50, 'Zara',         4.4, 29, '2025-03-07'),
('Men Slim Fit Chino Pants',           'Fashion',     62, 44.90, 45, 'HM',           4.3, 24, '2025-03-08'),
('Oversized Cotton Hoodie',            'Fashion',     62, 39.90, 60, 'PullBear',     4.2, 22, '2025-03-09'),
('High Waist Denim Jeans',             'Fashion',     62, 59.90, 40, 'Mango',        4.4, 27, '2025-03-10'),
('Basic Tshirt Pack of 3',             'Fashion',     62, 29.90, 70, 'Uniqlo',       4.3, 25, '2025-03-11'),
('Women Long Trench Coat',             'Fashion',     62, 89.90, 25, 'Zara',         4.5, 31, '2025-03-12'),

('Cotton Duvet Cover Set Queen',       'Home',        63, 79.90, 35, 'IKEA',         4.5, 33, '2025-03-13'),
('LED Floor Lamp Modern',              'Home',        63, 59.90, 30, 'Philips',      4.4, 28, '2025-03-14'),
('NonStick Frying Pan 28cm',           'Home',        63, 34.90, 50, 'Tefal',        4.3, 26, '2025-03-15'),
('Glass Food Storage Set 8pcs',        'Home',        63, 39.90, 40, 'Pyrex',        4.4, 29, '2025-03-16'),
('Decorative Cushion 2Pack',           'Home',        63, 24.90, 60, 'IKEA',         4.2, 21, '2025-03-17'),
('Wall Clock Minimal Design',          'Home',        63, 27.90, 45, 'IKEA',         4.3, 23, '2025-03-18'),

('Hydrating Face Cream 50ml',          'Beauty',      64, 29.90, 70, 'Loreal',        4.5, 36, '2025-03-19'),
('Micellar Cleansing Water 400ml',     'Beauty',      64, 19.90, 80, 'Garnier',       4.4, 32, '2025-03-20'),
('Matte Liquid Lipstick Nude',         'Beauty',      64, 17.90, 90, 'Maybelline',    4.3, 30, '2025-03-21'),
('Vitamin C Face Serum',               'Beauty',      64, 34.90, 55, 'TheOrdinary',   4.5, 38, '2025-03-22'),
('Sunscreen SPF50 Face Fluid',         'Beauty',      64, 27.90, 60, 'LaRochePosay',  4.6, 40, '2025-03-23'),
('Keratin Hair Mask 300ml',            'Beauty',      64, 24.90, 65, 'Schwarzkopf',   4.4, 28, '2025-03-24'),

('Men Running Shoes Cushion',          'Sports',      65, 99.90, 35, 'Nike',          4.5, 37, '2025-03-25'),
('Women Training Shoes Flex',          'Sports',      65, 89.90, 30, 'Adidas',        4.4, 32, '2025-03-26'),
('Yoga Mat AntiSlip 6mm',              'Sports',      65, 29.90, 70, 'Decathlon',     4.3, 26, '2025-03-27'),
('Sports Water Bottle 1L',             'Sports',      65, 14.90, 90, 'Nike',          4.2, 22, '2025-03-28'),
('Training Shorts DryFit',             'Sports',      65, 27.90, 60, 'Puma',          4.3, 24, '2025-03-29'),
('Resistance Band Set 3pcs',           'Sports',      65, 24.90, 65, 'Reebok',        4.4, 27, '2025-03-30'),

('Vitamin D3 Softgels 1000IU',         'Health',      66, 19.90, 55, 'Solgar',        4.5, 34, '2025-03-31'),
('Magnesium Citrate Tablets',          'Health',      66, 21.90, 50, 'NowFoods',      4.4, 30, '2025-04-01'),
('Omega3 Fish Oil 1000mg',             'Health',      66, 24.90, 45, 'NordicNaturals',4.5, 38, '2025-04-02'),
('Multivitamin Daily Formula',         'Health',      66, 22.90, 60, 'Centrum',       4.3, 27, '2025-04-03'),
('Probiotic Capsules 30pcs',           'Health',      66, 26.90, 40, 'Jamieson',      4.4, 29, '2025-04-04'),
('Electrolyte Powder Sachets 20',      'Health',      66, 17.90, 65, 'Gatorade',      4.2, 23, '2025-04-05'),

('RGB Gaming Mouse',                   'Gaming',      67, 39.90, 70, 'Razer',         4.5, 42, '2025-04-06'),
('Mechanical Keyboard TKL',            'Gaming',      67, 99.90, 40, 'SteelSeries',   4.6, 38, '2025-04-07'),
('7.1 Surround Gaming Headset',        'Gaming',      67, 79.90, 45, 'LogitechG',     4.5, 36, '2025-04-08'),
('Console Controller Wireless',        'Gaming',      67, 59.90, 50, 'Xbox',          4.4, 33, '2025-04-09'),
('Streaming USB Microphone',           'Gaming',      67, 89.90, 30, 'Blue',          4.4, 31, '2025-04-10'),
('Large RGB Mouse Pad',                'Gaming',      67, 29.90, 80, 'Razer',         4.3, 29, '2025-04-11'),

('Dry Dog Food Chicken 12kg',          'Pet Supplies',68, 49.90, 40, 'Pedigree',      4.5, 37, '2025-04-12'),
('Adult Cat Food Salmon 3kg',          'Pet Supplies',68, 29.90, 45, 'Whiskas',       4.4, 32, '2025-04-13'),
('Clumping Cat Litter 10L',            'Pet Supplies',68, 19.90, 55, 'Purina',        4.3, 28, '2025-04-14'),
('Dog Leash Nylon Medium',             'Pet Supplies',68, 14.90, 60, 'Flexi',         4.2, 24, '2025-04-15'),
('Pet Grooming Brush Soft',            'Pet Supplies',68, 12.90, 50, 'Furminator',    4.4, 27, '2025-04-16'),
('Cat Toy Feather Wand',               'Pet Supplies',68, 9.90,  70, 'Kong',          4.3, 25, '2025-04-17'),

('Mystery Novel Midnight Case',        'Books',       69, 16.90, 50, 'Penguin',        4.4, 40, '2025-04-18'),
('Classic Novel Pride and Prejudice',  'Books',       69, 18.90, 40, 'HarperCollins',  4.7, 55, '2025-04-19'),
('SciFi Novel Space Frontier',         'Books',       69, 19.90, 35, 'Tor',            4.5, 38, '2025-04-20'),
('Data Structures in Java',            'Books',       69, 34.90, 30, 'OReilly',        4.6, 42, '2025-04-21'),
('Startup Entrepreneurship Guide',     'Books',       69, 27.90, 45, 'RandomHouse',    4.4, 33, '2025-04-22'),
('Young Adult Fantasy Sky Kingdom',    'Books',       69, 17.90, 55, 'Bloomsbury',     4.3, 29, '2025-04-23'),

('Velvet Cushion Cover 2Pack',         'Home',        70, 22.90, 60, 'IKEA',          4.4, 31, '2025-04-24'),
('NonSlip Bath Mat Large',             'Home',        70, 19.90, 55, 'IKEA',          4.3, 27, '2025-04-25'),
('Glass Storage Jar Set 6pcs',         'Home',        70, 29.90, 40, 'Pyrex',         4.4, 28, '2025-04-26'),
('Stainless Steel Kettle 1.7L',        'Home',        70, 39.90, 35, 'Tefal',         4.5, 30, '2025-04-27'),
('Wall Shelf Wooden 3Tier',            'Home',        70, 34.90, 30, 'IKEA',          4.3, 24, '2025-04-28'),
('Decorative Table Lamp',              'Home',        70, 44.90, 25, 'Philips',       4.4, 26, '2025-04-29'),

('Wireless ANC Headphones',            'Electronics', 71, 129.90,40, 'Sony',          4.5, 38, '2025-05-01'),
('Portable SSD 1TB USB-C',             'Electronics', 71, 149.00,30, 'Samsung',       4.6, 41, '2025-05-02'),
('4K Streaming Device',                'Electronics', 71, 89.90, 35, 'Amazon',        4.4, 33, '2025-05-03'),
('Bluetooth Soundbar 2.1',             'Electronics', 71, 119.90,25, 'LG',            4.3, 29, '2025-05-04'),
('USB-C Fast Charger 45W',             'Electronics', 71, 29.90, 75, 'Anker',         4.4, 27, '2025-05-05'),
('Mechanical Keyboard RGB',            'Electronics', 71, 89.90, 45, 'Logitech',      4.5, 36, '2025-05-06'),

('Women Floral Summer Dress',          'Fashion',     72, 49.90, 50, 'Zara',          4.4, 30, '2025-05-07'),
('Men Slim Fit Linen Shirt',           'Fashion',     72, 44.90, 45, 'HM',            4.3, 26, '2025-05-08'),
('Oversized Hoodie Cotton',            'Fashion',     72, 39.90, 60, 'PullBear',      4.2, 22, '2025-05-09'),
('High Waist Denim Jeans',             'Fashion',     72, 59.90, 40, 'Mango',         4.4, 28, '2025-05-10'),
('Basic Tshirt 3Pack',                 'Fashion',     72, 29.90, 75, 'Uniqlo',        4.3, 25, '2025-05-11'),
('Women Long Trench Coat',             'Fashion',     72, 89.90, 25, 'Zara',          4.5, 32, '2025-05-12'),

('Acoustic Guitar Beginner Kit',       'Music',       73, 89.90, 25, 'Yamaha',       4.5, 30, '2025-05-13'),
('Digital Piano 61 Keys',              'Music',       73, 189.00,20, 'Casio',        4.4, 28, '2025-05-14'),
('Studio Headphones Pro',              'Music',       73, 129.00,30, 'Sony',         4.6, 35, '2025-05-15'),
('Microphone Stand Boom',              'Music',       73, 29.90, 45, 'Shure',        4.3, 21, '2025-05-16'),
('Electric Guitar Strings Set',        'Music',       73, 12.90, 70, 'ErnieBall',    4.4, 22, '2025-05-17'),
('Portable Metronome Digital',         'Music',       73, 24.90, 40, 'Korg',         4.2, 20, '2025-05-18'),

('Hydrating Face Cream 50ml',          'Beauty',      74, 29.90, 70, 'Loreal',       4.5, 34, '2025-05-19'),
('Vitamin C Serum 30ml',               'Beauty',      74, 34.90, 55, 'TheOrdinary',  4.6, 38, '2025-05-20'),
('Micellar Cleansing Water',           'Beauty',      74, 19.90, 80, 'Garnier',      4.4, 29, '2025-05-21'),
('Matte Lipstick Nude',                'Beauty',      74, 17.90, 90, 'Maybelline',   4.3, 24, '2025-05-22'),
('Sunscreen SPF50 Face Fluid',         'Beauty',      74, 27.90, 65, 'LaRochePosay', 4.6, 40, '2025-05-23'),
('Keratin Hair Mask 300ml',            'Beauty',      74, 24.90, 70, 'Schwarzkopf',  4.4, 27, '2025-05-24'),

('Men Running Shoes Pro',              'Sports',      75, 99.90, 35, 'Nike',         4.5, 37, '2025-05-25'),
('Women Training Shoes Flex',          'Sports',      75, 89.90, 30, 'Adidas',       4.4, 32, '2025-05-26'),
('Premium Yoga Mat 8mm',               'Sports',      75, 34.90, 70, 'Decathlon',    4.3, 25, '2025-05-27'),
('Sports Water Bottle 1L',             'Sports',      75, 14.90, 90, 'Nike',         4.2, 22, '2025-05-28'),
('Training Shorts DryFit',             'Sports',      75, 27.90, 60, 'Puma',         4.3, 24, '2025-05-29'),
('Resistance Band Set',                'Sports',      75, 24.90, 65, 'Reebok',       4.4, 27, '2025-05-30');



INSERT INTO Discount (product_id, discount_name, discount_type, discount_value, start_date, end_date)
VALUES
-- 🌞 Yazlık basic giyim
(30,  'Black Friday',         'percentage', 25, '2025-11-24', '2025-11-30'),
(21,  'Black Friday',         'percentage', 25, '2025-11-24', '2025-11-30'),
(22,  'Black Friday',         'percentage', 25, '2025-11-24', '2025-11-30'),

-- 💄 Kadın bakım & kozmetik – Dünya Kadınlar Günü dönemi
(54,  'Womens Day',      'percentage', 20, '2025-03-01', '2025-03-08'),
(55,  'Womens Day',      'percentage', 20, '2025-03-01', '2025-03-08'),
(56,  'Womens Day',      'percentage', 18, '2025-03-01', '2025-03-08'),
(57,  'Womens Day',      'percentage', 15, '2025-03-01', '2025-03-08'),
(58,  'Womens Day',      'percentage', 18, '2025-03-01', '2025-03-08'),
(59,  'Womens Day',      'percentage', 17, '2025-03-01', '2025-03-08'),
(60,  'Womens Day',      'percentage', 15, '2025-03-01', '2025-03-08'),
(61,  'Womens Day',      'percentage', 15, '2025-03-01', '2025-03-08'),
(62,  'Womens Day',      'percentage', 18, '2025-03-01', '2025-03-08'),
(63,  'Womens Day',      'percentage', 20, '2025-03-01', '2025-03-08'),
(64,  'Womens Day',      'percentage', 20, '2025-03-01', '2025-03-08'),
(65,  'Womens Day',      'percentage', 15, '2025-03-01', '2025-03-08'),

-- 🧘 Spor & fitness
(66,  'New Year Sale',         'percentage', 18, '2025-01-01', '2025-01-15'),
(67,  'New Year Sale',         'percentage', 18, '2025-01-01', '2025-01-15'),

-- 🏠 Ev & mutfak – ilkbahar kampanyası
(36,  'Mothers Day',            'percentage', 15, '2025-05-01', '2025-05-11'),
(37,  'Mothers Day',            'percentage', 15, '2025-05-01', '2025-05-11'),
(38,  'Mothers Day',            'percentage', 12, '2025-05-01', '2025-05-11'),
(39,  'Mothers Day',            'percentage', 12, '2025-05-01', '2025-05-11'),
(40,  'Mothers Day',            'percentage', 10, '2025-05-01', '2025-05-11'),
(41,  'Mothers Day',            'percentage', 15, '2025-05-01', '2025-05-11'),
(42,  'Mothers Day',            'percentage', 12, '2025-05-01', '2025-05-11'),
(43,  'Mothers Day',            'percentage', 12, '2025-05-01', '2025-05-11'),

-- 👗 Nisan 2024 fashion – İlkbahar moda indirimi
(81,  'Black Friday',         'percentage', 25, '2025-11-24', '2025-11-30'),
(82,  'Black Friday',         'percentage', 15, '2025-11-24', '2025-11-30'),
(83,  'Black Friday',         'percentage', 18, '2025-11-24', '2025-11-30'),
(84,  'Black Friday',         'percentage', 15, '2025-11-24', '2025-11-30'),
(85,  'Black Friday',         'percentage', 12, '2025-11-24', '2025-11-30'),
(86,  'Black Friday',         'percentage', 18, '2025-11-24', '2025-11-30'),
(87,  'Black Friday',         'percentage', 20, '2025-11-24', '2025-11-30'),
(88,  'Black Friday',         'percentage', 25, '2025-11-24', '2025-11-30'),

-- 👗 Eylül 2024 fashion – Sonbahar kampanyası
(164, 'Black Friday',         'percentage', 20, '2025-11-24', '2025-11-30'),
(165, 'Black Friday',         'percentage', 20, '2025-11-24', '2025-11-30'),
(166, 'Black Friday',         'percentage', 15, '2025-11-24', '2025-11-30'),
(167, 'Black Friday',         'percentage', 10, '2025-11-24', '2025-11-30'),
(168, 'Black Friday',         'percentage', 20, '2025-11-24', '2025-11-30'),
(169, 'Black Friday',         'percentage', 30, '2025-11-24', '2025-11-30'),
(170, 'Black Friday',         'percentage', 15, '2025-11-24', '2025-11-30'),

-- 💊 Vitamin & supplement – Yeni yıl sağlıklı yaşam
(397, 'New Year Sale', 'percentage', 18, '2025-01-01', '2025-01-15'),
(398, 'New Year Sale', 'percentage', 18, '2025-01-01', '2025-01-15'),
(399, 'New Year Sale', 'percentage', 18, '2025-01-01', '2025-01-15'),
(400, 'New Year Sale', 'percentage', 18, '2025-01-01', '2025-01-15'),
(401, 'New Year Sale', 'percentage', 15, '2025-01-01', '2025-01-15'),
(402, 'New Year Sale', 'percentage', 15, '2025-01-01', '2025-01-15'),
(403, 'New Year Sale', 'percentage', 15, '2025-01-01', '2025-01-15'),
(404, 'New Year Sale', 'percentage', 15, '2025-01-01', '2025-01-15'),
(405, 'New Year Sale', 'percentage', 15, '2025-01-01', '2025-01-15'),
(406, 'New Year Sale', 'percentage', 12, '2025-01-01', '2025-01-15'),
(407, 'New Year Sale', 'percentage', 12,'2025-01-01', '2025-01-15'),

-- 📝 Kırtasiye & ofis – Back to School
(456, 'Back to School Sale',         'percentage', 15, '2025-08-15', '2025-09-05'),
(457, 'Back to School Sale',         'percentage', 15, '2025-08-15', '2025-09-05'),
(458, 'Back to School Sale',         'percentage', 15, '2025-08-15', '2025-09-05'),
(459, 'Back to School Sale',         'percentage', 12, '2025-08-15', '2025-09-05'),
(460, 'Back to School Sale',         'percentage', 15, '2025-08-15', '2025-09-05'),
(461, 'Back to School Sale',         'percentage', 10, '2025-08-15', '2025-09-05'),
(462, 'Back to School Sale',         'percentage', 10, '2025-08-15', '2025-09-05'),
(463, 'Back to School Sale',         'percentage', 12, '2025-08-15', '2025-09-05'),
(464, 'Back to School Sale',         'percentage', 15, '2025-08-15', '2025-09-05'),
(465, 'Back to School Sale',         'percentage', 10, '2025-08-15', '2025-09-05'),
(466, 'Back to School Sale',         'percentage', 10, '2025-08-15', '2025-09-05'),
(467, 'Back to School Sale',         'percentage', 12, '2025-08-15', '2025-09-05'),
(468, 'Back to School Sale',         'percentage', 12, '2025-08-15', '2025-09-05'),
(469, 'Back to School Sale',         'percentage', 15, '2025-08-15', '2025-09-05'),
(470, 'Back to School Sale',         'percentage', 10, '2025-08-15', '2025-09-05'),

-- 🛒 Gıda & temel ihtiyaç – sağlıklı yaşam haftası
(471, 'Year End Sale',         'percentage', 10, '2025-12-01', '2025-12-31'),
(472, 'Year End Sale',         'percentage', 10, '2025-12-01', '2025-12-31'),
(473, 'Year End Sale',         'percentage', 12, '2025-12-01', '2025-12-31'),
(474, 'Year End Sale',         'percentage', 10, '2025-12-01', '2025-12-31'),
(475, 'Year End Sale',         'percentage', 10, '2025-12-01', '2025-12-31'),
(476, 'Year End Sale',         'percentage', 10, '2025-12-01', '2025-12-31'),
(477, 'Year End Sale',         'percentage', 10, '2025-12-01', '2025-12-31'),
(478, 'Year End Sale',         'percentage', 10, '2025-12-01', '2025-12-31'),
(479, 'Year End Sale',         'percentage', 12, '2025-12-01', '2025-12-31'),
(480, 'Year End Sale',         'percentage', 10, '2025-12-01', '2025-12-31'),
(481, 'Year End Sale',         'percentage', 10, '2025-12-01', '2025-12-31'),
(482, 'Year End Sale',         'percentage', 10, '2025-12-01', '2025-12-31'),
(483, 'Year End Sale',         'percentage', 10, '2025-12-01', '2025-12-31'),
(484, 'Year End Sale',         'percentage', 10, '2025-12-01', '2025-12-31'),
(485, 'Year End Sale',         'percentage', 10, '2025-12-01', '2025-12-31'),

-- 🎸 Müzik ekipmanı – Müzik severler haftası
(486, 'Year End Sale',           'percentage', 15, '2025-12-01', '2025-12-31'),
(487, 'Year End Sale',           'percentage', 12, '2025-12-01', '2025-12-31'),
(488, 'Year End Sale',           'percentage', 12, '2025-12-01', '2025-12-31'),

-- 📚 Kitaplar – Dünya Kitap Günü kampanyası
(619, 'World Book Day Deals',        'percentage', 20, '2025-04-20', '2025-04-30'),
(620, 'World Book Day Deals',        'percentage', 22, '2025-04-20', '2025-04-30'),
(621, 'World Book Day Deals',        'percentage', 18, '2025-04-20', '2025-04-30'),
(622, 'World Book Day Deals',        'percentage', 20, '2025-04-20', '2025-04-30'),
(623, 'World Book Day Deals',        'percentage', 18, '2025-04-20', '2025-04-30'),
(624, 'World Book Day Deals',        'percentage', 18, '2025-04-20', '2025-04-30'),

-- 🏠 Ev tekstil & dekor – Home Essentials Week
(625, 'Womens Day',        'percentage', 12, '2025-03-01', '2025-03-08'),
(626, 'Womens Day',        'percentage', 12, '2025-03-01', '2025-03-08'),
(627, 'Womens Day',        'percentage', 12, '2025-03-01', '2025-03-08'),
(628, 'Womens Day',        'percentage', 15, '2025-03-01', '2025-03-08'),
(629, 'Womens Day',        'percentage', 12, '2025-03-01', '2025-03-08'),
(630, 'Womens Day',        'percentage', 12, '2025-03-01', '2025-03-08'),

-- 💻 Elektronik – Tech Week
(631, 'Year End Sale',                   'percentage', 15, '2025-12-01', '2025-12-31'),
(632, 'Year End Sale',                   'percentage', 15, '2025-12-01', '2025-12-31'),
(633, 'Year End Sale',                   'percentage', 15, '2025-12-01', '2025-12-31'),
(634, 'Year End Sale',                   'percentage', 15, '2025-12-01', '2025-12-31'),
(635, 'Year End Sale',                   'percentage', 12, '2025-12-01', '2025-12-31'),
(636, 'Year End Sale',                   'percentage', 15, '2025-12-01', '2025-12-31'),

-- 👗 Mayıs 2025 fashion – yeni sezon lansmanı
(637, 'Black Friday',  'percentage', 15, '2025-11-24', '2025-11-30'),
(638, 'Black Friday',  'percentage', 15, '2025-11-24', '2025-11-30'),
(639, 'Black Friday',  'percentage', 12, '2025-11-24', '2025-11-30'),
(640, 'Black Friday',  'percentage', 15, '2025-11-24', '2025-11-30'),
(641, 'Black Friday',  'percentage', 30, '2025-11-24', '2025-11-30'),
(642, 'Black Friday',  'percentage', 18, '2025-11-24', '2025-11-30'),

-- 240-243: Fashion (Women / Men / Unisex / Pack)
(240, 'Womens Day',      'percentage', 20, '2025-03-01', '2025-03-08'),
(242, 'Black Friday',    'percentage', 25, '2025-11-24', '2025-11-30'),
(243, 'Black Friday',   'amount',      5, '2025-11-24', '2025-11-30'),

-- 244-247: Toys & Games → Black Friday ağırlıklı
(244, 'Black Friday',       'percentage', 18, '2025-11-24', '2025-11-30'),
(245, 'Black Friday',      'amount',      4, '2025-11-24', '2025-11-30'),
(246, 'Black Friday',    'percentage', 15, '2025-11-24', '2025-11-30'),
(247, 'Black Friday',      'percentage', 20, '2025-11-24', '2025-11-30'),

-- 248-251: Beauty & Personal Care → Women’s / Mothers Day
(248, 'Womens Day',      'percentage', 18, '2025-03-01', '2025-03-08'),
(249, 'Mothers Day',   'percentage', 22, '2025-05-01', '2025-05-12'),
(250, 'Mothers Day',        'amount',      6, '2025-05-01', '2025-05-12'),
(251, 'Mothers Day',       'percentage', 17, '2025-05-01', '2025-05-12'),
-- productid:595  (Men Running Shoes Cushion - Nike)
(595, 'Fathers Day', 'percentage', 20, '2025-06-01', '2025-06-16'),

-- productid:525 (Men Training Shorts - Nike)
(525, 'Fathers Day', 'amount', 8, '2025-06-01', '2025-06-16'),

-- productid:332 (Men Casual Blazer - HM)
(332, 'Fathers Day', 'percentage', 18, '2025-06-01', '2025-06-16'),

-- productid:241 (Men Slim Fit Shirt - HM)
(241, 'Fathers Day', 'percentage', 15, '2025-06-01', '2025-06-16'),

(241, 'Black Friday',  'percentage', 15, '2025-11-24', '2025-11-30'),
(332, 'Black Friday',  'percentage', 15, '2025-11-24', '2025-11-30'),
(525, 'Black Friday',  'percentage', 12, '2025-11-24', '2025-11-30'),
(595, 'Black Friday',  'percentage', 15, '2025-11-24', '2025-11-30'),
(251, 'Black Friday',  'percentage', 30, '2025-11-24', '2025-11-30'),
(250, 'Black Friday',  'percentage', 18, '2025-11-24', '2025-11-30'),

-- 240-243: Fashion (Women / Men / Unisex / Pack)
(59, 'Womens Day',      'percentage', 20, '2025-03-01', '2025-03-08'),
(58, 'Black Friday',    'percentage', 25, '2025-11-24', '2025-11-30'),
(60, 'Black Friday',   'amount',      5, '2025-11-24', '2025-11-30'),

-- 244-247: Toys & Games → Black Friday ağırlıklı
(54, 'Black Friday',       'percentage', 18, '2025-11-24', '2025-11-30'),
(55, 'Black Friday',      'amount',      4, '2025-11-24', '2025-11-30'),
(56, 'Black Friday',    'percentage', 15, '2025-11-24', '2025-11-30'),
(57, 'Black Friday',      'percentage', 20, '2025-11-24', '2025-11-30');



-- Cart 1: first added_at = 10:06, last updated_at = 10:18
INSERT INTO Cart (buyer_id, created_at)
VALUES (1, '2025-01-02 10:05:00');

-- Cart 2: first added_at = 12:21, last updated_at = 12:34
INSERT INTO Cart (buyer_id, created_at)
VALUES (2, '2025-01-03 12:20:00');

-- Cart 3: first added_at = 09:41, last updated_at = 09:55
INSERT INTO Cart (buyer_id, created_at)
VALUES (3, '2025-01-05 09:40:00');

-- Cart 4: first added_at = 16:12, last updated_at = 16:24
INSERT INTO Cart (buyer_id, created_at)
VALUES (4, '2025-01-08 16:10:00');

-- Cart 5: first added_at = 11:16, last updated_at = 11:28
INSERT INTO Cart (buyer_id, created_at)
VALUES (5, '2025-01-12 11:15:00');

-- Cart 6: first added_at = 20:06, last updated_at = 20:19
INSERT INTO Cart (buyer_id, created_at)
VALUES (6, '2025-01-14 20:05:00');

------------------------------------------------------------
-- Cart_Item (sade): (cart_id, product_id, quantity)
------------------------------------------------------------

-- Cart 1
INSERT INTO Cart_Item (cart_id, product_id, quantity) VALUES (1, 66, 1);
INSERT INTO Cart_Item (cart_id, product_id, quantity) VALUES (1, 12, 1);
INSERT INTO Cart_Item (cart_id, product_id, quantity) VALUES (1, 23, 1);


-- Cart 2
INSERT INTO Cart_Item (cart_id, product_id, quantity) VALUES (2, 397, 2);
INSERT INTO Cart_Item (cart_id, product_id, quantity) VALUES (2, 29, 1);

-- Cart 3
INSERT INTO Cart_Item (cart_id, product_id, quantity) VALUES (3, 398, 1);
INSERT INTO Cart_Item (cart_id, product_id, quantity) VALUES (3, 4, 1);

-- Cart 4
INSERT INTO Cart_Item (cart_id, product_id, quantity) VALUES (4, 67, 1);
INSERT INTO Cart_Item (cart_id, product_id, quantity) VALUES (4, 6, 1);

-- Cart 5
INSERT INTO Cart_Item (cart_id, product_id, quantity) VALUES (5, 16, 1);
INSERT INTO Cart_Item (cart_id, product_id, quantity) VALUES (5, 405, 3);

-- Cart 6
INSERT INTO Cart_Item (cart_id, product_id, quantity) VALUES (6, 407, 1);
INSERT INTO Cart_Item (cart_id, product_id, quantity) VALUES (6, 26, 1);





------------------------------------------------------------
-- CART 7-14 (2025-03-01 .. 2025-03-08)  %100 Cart_Item uyumlu
------------------------------------------------------------

-- Cart 7: first added_at 10:11, last updated_at 10:15
INSERT INTO Cart (buyer_id, created_at)
VALUES (7, '2025-03-01 10:10:00');

-- Cart 8: first added_at 13:06, last updated_at 13:15
INSERT INTO Cart (buyer_id, created_at)
VALUES (8, '2025-03-02 13:05:00');

-- Cart 9: first added_at 09:31, last updated_at 09:36
INSERT INTO Cart (buyer_id, created_at)
VALUES (9, '2025-03-03 09:30:00');

-- Cart 10: first added_at 18:21, last updated_at 18:33
INSERT INTO Cart (buyer_id, created_at)
VALUES (10, '2025-03-04 18:20:00');

-- Cart 11: first added_at 11:51, last updated_at 12:02
INSERT INTO Cart (buyer_id, created_at)
VALUES (11, '2025-03-05 11:50:00');

-- Cart 12: first added_at 16:16, last updated_at 16:25
INSERT INTO Cart (buyer_id, created_at)
VALUES (12, '2025-03-06 16:15:00');

-- Cart 13: first added_at 20:06, last updated_at 20:18
INSERT INTO Cart (buyer_id, created_at)
VALUES (13, '2025-03-07 20:05:00');

-- Cart 14: first added_at 12:41, last updated_at 12:46
INSERT INTO Cart (buyer_id, created_at)
VALUES (14, '2025-03-08 12:40:00');


------------------------------------------------------------
-- CART 7  (2025-03-01)
------------------------------------------------------------
INSERT INTO Cart_Item (cart_id, product_id, quantity) VALUES (7, 54, 1);
INSERT INTO Cart_Item (cart_id, product_id, quantity) VALUES (7, 7,  1);

------------------------------------------------------------
-- CART 8  (2025-03-02)
------------------------------------------------------------
INSERT INTO Cart_Item (cart_id, product_id, quantity) VALUES (8, 58, 2);
INSERT INTO Cart_Item (cart_id, product_id, quantity) VALUES (8, 5,  1);
------------------------------------------------------------
-- CART 9  (2025-03-03)
------------------------------------------------------------
INSERT INTO Cart_Item (cart_id, product_id, quantity) VALUES (9, 62, 1);
INSERT INTO Cart_Item (cart_id, product_id, quantity) VALUES (9, 11, 1);

------------------------------------------------------------
-- CART 10  (2025-03-04)
------------------------------------------------------------
INSERT INTO Cart_Item (cart_id, product_id, quantity) VALUES (10, 625, 3);
INSERT INTO Cart_Item (cart_id, product_id, quantity) VALUES (10, 13,  1);

------------------------------------------------------------
-- CART 11  (2025-03-05)
------------------------------------------------------------
INSERT INTO Cart_Item (cart_id, product_id, quantity) VALUES (11, 626, 1);
INSERT INTO Cart_Item (cart_id, product_id, quantity) VALUES (11, 14,  1);

------------------------------------------------------------
-- CART 12  (2025-03-06)
------------------------------------------------------------
INSERT INTO Cart_Item (cart_id, product_id, quantity) VALUES (12, 240, 1);
INSERT INTO Cart_Item (cart_id, product_id, quantity) VALUES (12, 66,  1);
INSERT INTO Cart_Item (cart_id, product_id, quantity) VALUES (12, 16,  1);

------------------------------------------------------------
-- CART 13  (2025-03-07)
------------------------------------------------------------
INSERT INTO Cart_Item (cart_id, product_id, quantity) VALUES (13, 248, 2);
INSERT INTO Cart_Item (cart_id, product_id, quantity) VALUES (13, 19,  1);

------------------------------------------------------------
-- CART 14  (2025-03-08)
------------------------------------------------------------
INSERT INTO Cart_Item (cart_id, product_id, quantity) VALUES (14, 65,  1);
INSERT INTO Cart_Item (cart_id, product_id, quantity) VALUES (14, 436, 1);


------------------------------------------------------------
-- CART 15-20 (2025-04-20 .. 2025-04-30)  %100 Cart_Item uyumlu
------------------------------------------------------------

-- Cart 15: first added_at 10:31, last updated_at 10:39
INSERT INTO Cart (buyer_id, created_at)
VALUES (15, '2025-04-20 10:30:00');

-- Cart 16: first added_at 14:11, last updated_at 14:28
INSERT INTO Cart (buyer_id, created_at)
VALUES (16, '2025-04-22 14:10:00');

-- Cart 17: first added_at 09:06, last updated_at 09:12
INSERT INTO Cart (buyer_id, created_at)
VALUES (17, '2025-04-24 09:05:00');

-- Cart 18: first added_at 16:41, last updated_at 16:56
INSERT INTO Cart (buyer_id, created_at)
VALUES (18, '2025-04-26 16:40:00');

-- Cart 19: first added_at 12:16, last updated_at 12:31
INSERT INTO Cart (buyer_id, created_at)
VALUES (19, '2025-04-28 12:15:00');

-- Cart 20: first added_at 19:21, last updated_at 19:38
INSERT INTO Cart (buyer_id, created_at)
VALUES (20, '2025-04-30 19:20:00');



------------------------------------------------------------
-- 2025-04-20 .. 2025-04-30 (discount: 619-624)
-- cart_id: 15-20
-- indirimsiz ürünler: 12,23,29,4,6,26 (var olduklarını biliyoruz)
------------------------------------------------------------

-- Cart 15 (04-20)
INSERT INTO Cart_Item (cart_id, product_id, quantity)
VALUES (15, 619, 1);

-- indirimsiz (senin ürünlerinden)
INSERT INTO Cart_Item (cart_id, product_id, quantity)
VALUES (15, 300, 1);

INSERT INTO Cart_Item (cart_id, product_id, quantity)
VALUES (15, 12,  1);


-- Cart 16 (04-22)
INSERT INTO Cart_Item (cart_id, product_id, quantity)
VALUES (16, 620, 2);

INSERT INTO Cart_Item (cart_id, product_id, quantity)
VALUES (16, 301, 1);

INSERT INTO Cart_Item (cart_id, product_id, quantity)
VALUES (16, 23,  2);


-- Cart 17 (04-24)  (sen tek item vermiştin; indirimsiz ekledim)
INSERT INTO Cart_Item (cart_id, product_id, quantity)
VALUES (17, 621, 1);

INSERT INTO Cart_Item (cart_id, product_id, quantity)
VALUES (17, 29,  1);


-- Cart 18 (04-26)
INSERT INTO Cart_Item (cart_id, product_id, quantity)
VALUES (18, 622, 3);

INSERT INTO Cart_Item (cart_id, product_id, quantity)
VALUES (18, 4,   1);


-- Cart 19 (04-28)
INSERT INTO Cart_Item (cart_id, product_id, quantity)
VALUES (19, 623, 1);

INSERT INTO Cart_Item (cart_id, product_id, quantity)
VALUES (19, 6,   2);


-- Cart 20 (04-30)
INSERT INTO Cart_Item (cart_id, product_id, quantity)
VALUES (20, 624, 2);

INSERT INTO Cart_Item (cart_id, product_id, quantity)
VALUES (20, 26,  1);


------------------------------------------------------------
-- CART 21-28 (2025-05-01 .. 2025-05-12)  %100 Cart_Item uyumlu
------------------------------------------------------------

-- Cart 21: first 09:16, last 09:20
INSERT INTO Cart (buyer_id, created_at)
VALUES (21, '2025-05-01 09:15:00');

-- Cart 22: first 13:36, last 13:49
INSERT INTO Cart (buyer_id, created_at)
VALUES (22, '2025-05-02 13:35:00');

-- Cart 23: first 18:06, last 18:11
INSERT INTO Cart (buyer_id, created_at)
VALUES (23, '2025-05-03 18:05:00');

-- Cart 24: first 11:11, last 11:27
INSERT INTO Cart (buyer_id, created_at)
VALUES (24, '2025-05-05 11:10:00');

-- Cart 25: first 16:46, last 17:02
INSERT INTO Cart (buyer_id, created_at)
VALUES (25, '2025-05-07 16:45:00');

-- Cart 26: first 20:21, last 20:38
INSERT INTO Cart (buyer_id, created_at)
VALUES (26, '2025-05-09 20:20:00');

-- Cart 27: first 10:41, last 10:57
INSERT INTO Cart (buyer_id, created_at)
VALUES (27, '2025-05-11 10:40:00');

-- Cart 28: first 14:06, last 14:19
INSERT INTO Cart (buyer_id, created_at)
VALUES (28, '2025-05-12 14:05:00');



-- Cart 21
INSERT INTO Cart_Item (cart_id, product_id, quantity) VALUES (21, 36, 1);
INSERT INTO Cart_Item (cart_id, product_id, quantity) VALUES (21, 12, 1);

-- Cart 22
INSERT INTO Cart_Item (cart_id, product_id, quantity) VALUES (22, 39, 2);
INSERT INTO Cart_Item (cart_id, product_id, quantity) VALUES (22, 29, 1);

-- Cart 23
INSERT INTO Cart_Item (cart_id, product_id, quantity) VALUES (23, 42, 1);
INSERT INTO Cart_Item (cart_id, product_id, quantity) VALUES (23, 4,  1);

-- Cart 24
INSERT INTO Cart_Item (cart_id, product_id, quantity) VALUES (24, 249, 3);
INSERT INTO Cart_Item (cart_id, product_id, quantity) VALUES (24, 6,   1);

-- Cart 25
INSERT INTO Cart_Item (cart_id, product_id, quantity) VALUES (25, 250, 1);
INSERT INTO Cart_Item (cart_id, product_id, quantity) VALUES (25, 23,  2);

-- Cart 26
INSERT INTO Cart_Item (cart_id, product_id, quantity) VALUES (26, 43, 2);
INSERT INTO Cart_Item (cart_id, product_id, quantity) VALUES (26, 14, 1);

-- Cart 27
INSERT INTO Cart_Item (cart_id, product_id, quantity) VALUES (27, 37, 1);
INSERT INTO Cart_Item (cart_id, product_id, quantity) VALUES (27, 11, 1);

-- Cart 28
INSERT INTO Cart_Item (cart_id, product_id, quantity) VALUES (28, 251, 2);
INSERT INTO Cart_Item (cart_id, product_id, quantity) VALUES (28, 26,  1);


------------------------------------------------------------
-- CART 29-32 (2025-06-01 .. 2025-06-16)  %100 Cart_Item uyumlu
------------------------------------------------------------

-- Cart 29: first 10:01, last 10:05
INSERT INTO Cart (buyer_id, created_at)
VALUES (29, '2025-06-01 10:00:00');

-- Cart 30: first 12:26, last 12:42
INSERT INTO Cart (buyer_id, created_at)
VALUES (30, '2025-06-05 12:25:00');

-- Cart 31: first 18:11, last 18:29
INSERT INTO Cart (buyer_id, created_at)
VALUES (31, '2025-06-10 18:10:00');

-- Cart 32: first 20:31, last 20:46
INSERT INTO Cart (buyer_id, created_at)
VALUES (32, '2025-06-16 20:30:00');
------------------------------------------------------------
-- 2025-06-01 .. 2025-06-16
-- discount: 595, 525, 332, 241
-- cart_id: 29-32
-- her cart'a 1 adet indirimsiz ürün eklendi
------------------------------------------------------------

-- Cart 29 (06-01)
INSERT INTO Cart_Item (cart_id, product_id, quantity) VALUES (29, 595, 1);
INSERT INTO Cart_Item (cart_id, product_id, quantity) VALUES (29, 12,  1);

-- Cart 30 (06-05)
INSERT INTO Cart_Item (cart_id, product_id, quantity) VALUES (30, 525, 2);
INSERT INTO Cart_Item (cart_id, product_id, quantity) VALUES (30, 29,  1);

-- Cart 31 (06-10)
INSERT INTO Cart_Item (cart_id, product_id, quantity) VALUES (31, 332, 1);
INSERT INTO Cart_Item (cart_id, product_id, quantity) VALUES (31, 4,   2);

-- Cart 32 (06-16)
INSERT INTO Cart_Item (cart_id, product_id, quantity) VALUES (32, 241, 3);
INSERT INTO Cart_Item (cart_id, product_id, quantity) VALUES (32, 26,  1);


------------------------------------------------------------
-- CART 33-38  (last_updated = max(updated_at))
------------------------------------------------------------

-- Cart 33: first 09:21, last 09:27
INSERT INTO Cart (buyer_id, created_at)
VALUES (33, '2025-08-15 09:20:00');

-- Cart 34: first 14:16, last 14:28
INSERT INTO Cart (buyer_id, created_at)
VALUES (34, '2025-08-20 14:15:00');

-- Cart 35: first 18:41, last 19:00
INSERT INTO Cart (buyer_id, created_at)
VALUES (35, '2025-08-25 18:40:00');

-- Cart 36: first 11:06, last 11:17
INSERT INTO Cart (buyer_id, created_at)
VALUES (36, '2025-08-30 11:05:00');

-- Cart 37: first 16:11, last 16:30
INSERT INTO Cart (buyer_id, created_at)
VALUES (37, '2025-09-03 16:10:00');

-- Cart 38: first 20:21, last 20:34
INSERT INTO Cart (buyer_id, created_at)
VALUES (38, '2025-09-05 20:20:00');



-- Cart 33 (DISCOUNT ONLY)
INSERT INTO Cart_Item (cart_id, product_id, quantity)
VALUES (33, 456, 1);

-- (discount-only cartlarda 2 item daha gerçekçi dursun)
INSERT INTO Cart_Item (cart_id, product_id, quantity)
VALUES (33, 459, 1);


-- Cart 34 (NON-DISCOUNT ONLY)  -- önceki 460 satırı çıkarıldı, indirimsiz ile değiştirildi
INSERT INTO Cart_Item (cart_id, product_id, quantity)
VALUES (34, 300, 1);

INSERT INTO Cart_Item (cart_id, product_id, quantity)
VALUES (34, 12,  2);


-- Cart 35 (DISCOUNT ONLY)
INSERT INTO Cart_Item (cart_id, product_id, quantity)
VALUES (35, 463, 1);

INSERT INTO Cart_Item (cart_id, product_id, quantity)
VALUES (35, 466, 1);


-- Cart 36 (NON-DISCOUNT ONLY)  -- önceki 466 satırı çıkarıldı, indirimsiz ile değiştirildi
INSERT INTO Cart_Item (cart_id, product_id, quantity)
VALUES (36, 29,  1);

INSERT INTO Cart_Item (cart_id, product_id, quantity)
VALUES (36, 6,   1);


-- Cart 37 (DISCOUNT ONLY)
INSERT INTO Cart_Item (cart_id, product_id, quantity)
VALUES (37, 468, 1);

INSERT INTO Cart_Item (cart_id, product_id, quantity)
VALUES (37, 470, 1);


-- Cart 38 (NON-DISCOUNT ONLY)  -- önceki 470 satırı çıkarıldı, indirimsiz ile değiştirildi
INSERT INTO Cart_Item (cart_id, product_id, quantity)
VALUES (38, 436, 1);

INSERT INTO Cart_Item (cart_id, product_id, quantity)
VALUES (38, 11,  2);
------------------------------------------------------------
-- CART 39-46 (2025-11-24 .. 2025-11-30)  %100 Cart_Item uyumlu
------------------------------------------------------------

-- Cart 39: first 09:11, last 09:20
INSERT INTO Cart (buyer_id, created_at)
VALUES (39, '2025-11-24 09:10:00');

-- Cart 40: first 13:41, last 14:01
INSERT INTO Cart (buyer_id, created_at)
VALUES (40, '2025-11-24 13:40:00');

-- Cart 41: first 18:21, last 18:44
INSERT INTO Cart (buyer_id, created_at)
VALUES (1, '2025-11-25 18:20:00');

-- Cart 42: first 11:06, last 11:26
INSERT INTO Cart (buyer_id, created_at)
VALUES (2, '2025-11-26 11:05:00');

-- Cart 43: first 16:16, last 16:40
INSERT INTO Cart (buyer_id, created_at)
VALUES (3, '2025-11-27 16:15:00');

-- Cart 44: first 20:11, last 20:33
INSERT INTO Cart (buyer_id, created_at)
VALUES (4, '2025-11-28 20:10:00');

-- Cart 45: first 12:31, last 12:53
INSERT INTO Cart (buyer_id, created_at)
VALUES (5, '2025-11-29 12:30:00');

-- Cart 46: first 19:51, last 20:13
INSERT INTO Cart (buyer_id, created_at)
VALUES (6, '2025-11-30 19:50:00');



-- CART 39 (base: 21)
INSERT INTO Cart_Item (cart_id, product_id, quantity)
VALUES (39, 21, 1);
-- extra DISCOUNT (81 başka sepette de var)
INSERT INTO Cart_Item (cart_id, product_id, quantity)
VALUES (39, 81, 1);
-- extra NON-DISCOUNT
INSERT INTO Cart_Item (cart_id, product_id, quantity)
VALUES (39, 12, 1);


-- CART 40 (base: 30)
INSERT INTO Cart_Item (cart_id, product_id, quantity)
VALUES (40, 30, 2);
-- extra DISCOUNT (21 başka sepette de var)
INSERT INTO Cart_Item (cart_id, product_id, quantity)
VALUES (40, 21, 1);
-- extra NON-DISCOUNT
INSERT INTO Cart_Item (cart_id, product_id, quantity)
VALUES (40, 23, 1);


-- CART 41 (base: 81)
INSERT INTO Cart_Item (cart_id, product_id, quantity)
VALUES (41, 81, 1);
-- extra DISCOUNT (30 başka sepette de var)
INSERT INTO Cart_Item (cart_id, product_id, quantity)
VALUES (41, 30, 1);
-- extra NON-DISCOUNT
INSERT INTO Cart_Item (cart_id, product_id, quantity)
VALUES (41, 29, 1);


-- CART 42 (base: 167)
INSERT INTO Cart_Item (cart_id, product_id, quantity)
VALUES (42, 167, 3);
-- extra DISCOUNT (88 başka sepette de var)
INSERT INTO Cart_Item (cart_id, product_id, quantity)
VALUES (42, 88, 1);
-- extra NON-DISCOUNT
INSERT INTO Cart_Item (cart_id, product_id, quantity)
VALUES (42, 6,  1);


-- CART 43 (base: 637)
INSERT INTO Cart_Item (cart_id, product_id, quantity)
VALUES (43, 637, 1);
-- extra DISCOUNT (242 başka sepette de var)
INSERT INTO Cart_Item (cart_id, product_id, quantity)
VALUES (43, 242, 1);
-- extra NON-DISCOUNT
INSERT INTO Cart_Item (cart_id, product_id, quantity)
VALUES (43, 4,   1);


-- CART 44 (base: 242)
INSERT INTO Cart_Item (cart_id, product_id, quantity)
VALUES (44, 242, 2);
-- extra DISCOUNT (637 başka sepette de var)
INSERT INTO Cart_Item (cart_id, product_id, quantity)
VALUES (44, 637, 1);
-- extra NON-DISCOUNT
INSERT INTO Cart_Item (cart_id, product_id, quantity)
VALUES (44, 11,  1);

-- CART 45 (base: 88)
INSERT INTO Cart_Item (cart_id, product_id, quantity)
VALUES (45, 88, 1);
-- extra DISCOUNT (167 başka sepette de var)
INSERT INTO Cart_Item (cart_id, product_id, quantity)
VALUES (45, 167, 1);
-- extra NON-DISCOUNT
INSERT INTO Cart_Item (cart_id, product_id, quantity)
VALUES (45, 14,  1);


-- CART 46 (base: 642)
INSERT INTO Cart_Item (cart_id, product_id, quantity)
VALUES (46, 642, 2);
-- extra DISCOUNT (22 aynı dönem indirimli; listende var)
INSERT INTO Cart_Item (cart_id, product_id, quantity)
VALUES (46, 22, 1);
-- extra NON-DISCOUNT
INSERT INTO Cart_Item (cart_id, product_id, quantity)
VALUES (46, 26, 1);



-- Cart 47: first 10:06, last 10:10
INSERT INTO Cart (buyer_id, created_at)
VALUES (7, '2025-12-01 10:05:00');

-- Cart 48: first 14:31, last 14:48
INSERT INTO Cart (buyer_id, created_at)
VALUES (8, '2025-12-10 14:30:00');

-- Cart 49: first 18:16, last 18:36
INSERT INTO Cart (buyer_id, created_at)
VALUES (9, '2025-12-20 18:15:00');

-- Cart 50: first 21:11, last 21:28
INSERT INTO Cart (buyer_id, created_at)
VALUES (10, '2025-12-31 21:10:00');



-- Cart 47 (12-01)
INSERT INTO Cart_Item (cart_id, product_id, quantity)
VALUES (47, 471, 1);

INSERT INTO Cart_Item (cart_id, product_id, quantity)
VALUES (47, 12,  1);


-- Cart 48 (12-10)
INSERT INTO Cart_Item (cart_id, product_id, quantity)
VALUES (48, 476, 2);

INSERT INTO Cart_Item (cart_id, product_id, quantity)
VALUES (48, 29,  1);


-- Cart 49 (12-20)
INSERT INTO Cart_Item (cart_id, product_id, quantity)
VALUES (49, 631, 1);

INSERT INTO Cart_Item (cart_id, product_id, quantity)
VALUES (49, 6,   1);


-- Cart 50 (12-31)
INSERT INTO Cart_Item (cart_id, product_id, quantity)
VALUES (50, 488, 3);

INSERT INTO Cart_Item (cart_id, product_id, quantity)
VALUES (50, 26,  1);



-- 2025-12-01 .. 2025-12-31
INSERT INTO Cart (buyer_id, created_at) VALUES (11, '2025-12-02 10:05:00');
INSERT INTO Cart (buyer_id, created_at) VALUES (12, '2025-12-04 14:10:00');
INSERT INTO Cart (buyer_id, created_at) VALUES (13, '2025-12-08 18:40:00');

-- 2025-11-24 .. 2025-11-30
INSERT INTO Cart (buyer_id, created_at) VALUES (14, '2025-11-24 09:25:00');
INSERT INTO Cart (buyer_id, created_at) VALUES (15, '2025-11-26 16:15:00');
INSERT INTO Cart (buyer_id, created_at) VALUES (16, '2025-11-29 12:05:00');

-- 2025-03-01 .. 2025-03-08
INSERT INTO Cart (buyer_id, created_at) VALUES (17, '2025-03-01 10:15:00');
INSERT INTO Cart (buyer_id, created_at) VALUES (18, '2025-03-03 13:40:00');
INSERT INTO Cart (buyer_id, created_at) VALUES (19, '2025-03-06 19:10:00');

-- 2025-05-01 .. 2025-05-12
INSERT INTO Cart (buyer_id, created_at) VALUES (20, '2025-05-02 11:20:00');
INSERT INTO Cart (buyer_id, created_at) VALUES (21, '2025-05-05 15:05:00');

-- 2025-06-01 .. 2025-06-16
INSERT INTO Cart (buyer_id, created_at) VALUES (22, '2025-06-01 09:10:00');
INSERT INTO Cart (buyer_id, created_at) VALUES (23, '2025-06-10 18:00:00');

-- 2025-04-20 .. 2025-04-30
INSERT INTO Cart (buyer_id, created_at) VALUES (24, '2025-04-22 12:30:00');

-- 2025-08-15 .. 2025-09-05
INSERT INTO Cart (buyer_id, created_at) VALUES (25, '2025-08-20 14:05:00');


INSERT INTO Cart_Item (cart_id, product_id, quantity) VALUES (51, 471, 1);

INSERT INTO Cart_Item (cart_id, product_id, quantity)
VALUES (51, 476, 2);

INSERT INTO Cart_Item (cart_id, product_id, quantity)
VALUES (51, 633, 1);

INSERT INTO Cart_Item (cart_id, product_id, quantity)
VALUES (52, 472, 1);

INSERT INTO Cart_Item (cart_id, product_id, quantity)
VALUES (52, 480, 1);

INSERT INTO Cart_Item (cart_id, product_id, quantity)
VALUES (52, 488, 2);

INSERT INTO Cart_Item (cart_id, product_id, quantity)
VALUES (52, 631, 1);
INSERT INTO Cart_Item (cart_id, product_id, quantity)
VALUES (53, 474, 1);

INSERT INTO Cart_Item (cart_id, product_id, quantity)
VALUES (53, 636, 2);
INSERT INTO Cart_Item (cart_id, product_id, quantity)
VALUES (54, 21, 1);

INSERT INTO Cart_Item (cart_id, product_id, quantity)
VALUES (54, 81, 2);

INSERT INTO Cart_Item (cart_id, product_id, quantity)
VALUES (54, 242, 1);
INSERT INTO Cart_Item (cart_id, product_id, quantity)
VALUES (55, 30, 2);

INSERT INTO Cart_Item (cart_id, product_id, quantity)
VALUES (55, 167, 1);

INSERT INTO Cart_Item (cart_id, product_id, quantity)
VALUES (55, 637, 1);

INSERT INTO Cart_Item (cart_id, product_id, quantity)
VALUES (55, 247, 3);

INSERT INTO Cart_Item (cart_id, product_id, quantity)
VALUES (56, 22, 1);

INSERT INTO Cart_Item (cart_id, product_id, quantity)
VALUES (56, 170, 2);
INSERT INTO Cart_Item (cart_id, product_id, quantity)
VALUES (57, 54, 1);

INSERT INTO Cart_Item (cart_id, product_id, quantity)
VALUES (57, 58, 2);

INSERT INTO Cart_Item (cart_id, product_id, quantity)
VALUES (57, 625, 1);

INSERT INTO Cart_Item (cart_id, product_id, quantity)
VALUES (57, 240, 1);
INSERT INTO Cart_Item (cart_id, product_id, quantity)
VALUES (58, 62, 1);

INSERT INTO Cart_Item (cart_id, product_id, quantity)
VALUES (58, 630, 2);

INSERT INTO Cart_Item (cart_id, product_id, quantity)
VALUES (58, 248, 1);

INSERT INTO Cart_Item (cart_id, product_id, quantity)
VALUES (59, 65, 1);

INSERT INTO Cart_Item (cart_id, product_id, quantity)
VALUES (59, 626, 1);

INSERT INTO Cart_Item (cart_id, product_id, quantity)
VALUES (60, 36, 1);

INSERT INTO Cart_Item (cart_id, product_id, quantity)
VALUES (60, 41, 2);

INSERT INTO Cart_Item (cart_id, product_id, quantity)
VALUES (60, 249, 1);

INSERT INTO Cart_Item (cart_id, product_id, quantity)
VALUES (61, 37, 1);

INSERT INTO Cart_Item (cart_id, product_id, quantity)
VALUES (61, 39, 2);

INSERT INTO Cart_Item (cart_id, product_id, quantity)
VALUES (61, 43, 1);

INSERT INTO Cart_Item (cart_id, product_id, quantity)
VALUES (61, 251, 3);

INSERT INTO Cart_Item (cart_id, product_id, quantity)
VALUES (62, 595, 1);

INSERT INTO Cart_Item (cart_id, product_id, quantity)
VALUES (62, 241, 2);

INSERT INTO Cart_Item (cart_id, product_id, quantity)
VALUES (63, 525, 1);

INSERT INTO Cart_Item (cart_id, product_id, quantity)
VALUES (63, 332, 1);

INSERT INTO Cart_Item (cart_id, product_id, quantity)
VALUES (63, 241, 2);
INSERT INTO Cart_Item (cart_id, product_id, quantity)
VALUES (64, 619, 1);

INSERT INTO Cart_Item (cart_id, product_id, quantity)
VALUES (64, 620, 2);

INSERT INTO Cart_Item (cart_id, product_id, quantity)
VALUES (64, 623, 1);

INSERT INTO Cart_Item (cart_id, product_id, quantity)
VALUES (64, 624, 3);
INSERT INTO Cart_Item (cart_id, product_id, quantity)
VALUES (65, 460, 1);

INSERT INTO Cart_Item (cart_id, product_id, quantity)
VALUES (65, 466, 2);

INSERT INTO Cart_Item (cart_id, product_id, quantity)
VALUES (65, 470, 1);

-- 2025-01-01 .. 2025-01-15  (66,67 + 397-407)
INSERT INTO Cart (buyer_id, created_at) VALUES (26, '2025-01-03 10:10:00');
INSERT INTO Cart (buyer_id, created_at) VALUES (27, '2025-01-07 14:05:00');
INSERT INTO Cart (buyer_id, created_at) VALUES (28, '2025-01-12 19:40:00');

-- 2025-03-01 .. 2025-03-08  (54-65 + 625-630 + 240,248)
INSERT INTO Cart (buyer_id, created_at) VALUES (29, '2025-03-01 11:15:00');
INSERT INTO Cart (buyer_id, created_at) VALUES (30, '2025-03-04 16:30:00');
INSERT INTO Cart (buyer_id, created_at) VALUES (1,  '2025-03-08 12:10:00');

-- 2025-04-20 .. 2025-04-30  (619-624)
INSERT INTO Cart (buyer_id, created_at) VALUES (2, '2025-04-26 13:25:00');

-- 2025-05-01 .. 2025-05-12  (36-43 + 249-251)
INSERT INTO Cart (buyer_id, created_at) VALUES (3, '2025-05-03 10:20:00');
INSERT INTO Cart (buyer_id, created_at) VALUES (4, '2025-05-11 18:05:00');

-- 2025-06-01 .. 2025-06-16  (595,525,332,241)
INSERT INTO Cart (buyer_id, created_at) VALUES (5, '2025-06-05 09:50:00');

-- 2025-08-15 .. 2025-09-05  (456-470)
INSERT INTO Cart (buyer_id, created_at) VALUES (6, '2025-08-28 15:10:00');
-- 2025-11-24 .. 2025-11-30  (21,22,30 + 81-88 + 164-170 + 242-247 + 637-642)
INSERT INTO Cart (buyer_id, created_at) VALUES (7, '2025-11-24 09:55:00');
INSERT INTO Cart (buyer_id, created_at) VALUES (8, '2025-11-27 14:40:00');
INSERT INTO Cart (buyer_id, created_at) VALUES (9, '2025-11-30 20:05:00');

-- 2025-12-01 .. 2025-12-31  (471-488 + 631-636)
INSERT INTO Cart (buyer_id, created_at) VALUES (10, '2025-12-18 12:30:00');


INSERT INTO Cart_Item (cart_id, product_id, quantity)
VALUES (66, 66, 1);

INSERT INTO Cart_Item (cart_id, product_id, quantity)
VALUES (66, 397, 2);

INSERT INTO Cart_Item (cart_id, product_id, quantity)
VALUES (66, 405, 1);
INSERT INTO Cart_Item (cart_id, product_id, quantity) VALUES (67, 67,  1);
INSERT INTO Cart_Item (cart_id, product_id, quantity) VALUES (67, 399, 1);
INSERT INTO Cart_Item (cart_id, product_id, quantity) VALUES (67, 401, 2);
INSERT INTO Cart_Item (cart_id, product_id, quantity) VALUES (67, 407, 1);

INSERT INTO Cart_Item (cart_id, product_id, quantity) VALUES (68, 402, 1);
INSERT INTO Cart_Item (cart_id, product_id, quantity) VALUES (68, 404, 3);
INSERT INTO Cart_Item (cart_id, product_id, quantity) VALUES (69, 54,  1);
INSERT INTO Cart_Item (cart_id, product_id, quantity) VALUES (69, 58,  2);
INSERT INTO Cart_Item (cart_id, product_id, quantity) VALUES (69, 625, 1);
INSERT INTO Cart_Item (cart_id, product_id, quantity) VALUES (69, 240, 1);
INSERT INTO Cart_Item (cart_id, product_id, quantity) VALUES (70, 62,  1);
INSERT INTO Cart_Item (cart_id, product_id, quantity) VALUES (70, 630, 2);
INSERT INTO Cart_Item (cart_id, product_id, quantity) VALUES (70, 248, 1);
INSERT INTO Cart_Item (cart_id, product_id, quantity) VALUES (71, 65,  1);
INSERT INTO Cart_Item (cart_id, product_id, quantity) VALUES (71, 626, 1);
INSERT INTO Cart_Item (cart_id, product_id, quantity) VALUES (72, 619, 1);
INSERT INTO Cart_Item (cart_id, product_id, quantity) VALUES (72, 620, 2);
INSERT INTO Cart_Item (cart_id, product_id, quantity) VALUES (72, 623, 1);
INSERT INTO Cart_Item (cart_id, product_id, quantity) VALUES (72, 624, 3);
INSERT INTO Cart_Item  (cart_id, product_id, quantity) VALUES (73, 36,  1);
INSERT INTO Cart_Item (cart_id, product_id, quantity) VALUES (73, 41,  2);
INSERT INTO Cart_Item (cart_id, product_id, quantity) VALUES (73, 249, 1);
INSERT INTO Cart_Item (cart_id, product_id, quantity) VALUES (74, 37,  1);
INSERT INTO Cart_Item (cart_id, product_id, quantity) VALUES (74, 39,  2);
INSERT INTO Cart_Item (cart_id, product_id, quantity) VALUES (74, 43,  1);
INSERT INTO Cart_Item (cart_id, product_id, quantity) VALUES (74, 251, 3);
INSERT INTO Cart_Item (cart_id, product_id, quantity) VALUES (75, 525, 1);
INSERT INTO Cart_Item (cart_id, product_id, quantity) VALUES (75, 332, 1);
INSERT INTO Cart_Item (cart_id, product_id, quantity) VALUES (75, 241, 2);
INSERT INTO Cart_Item (cart_id, product_id, quantity) VALUES (76, 456, 1);
INSERT INTO Cart_Item (cart_id, product_id, quantity) VALUES (76, 460, 2);
INSERT INTO Cart_Item (cart_id, product_id, quantity) VALUES (76, 466, 3);
INSERT INTO Cart_Item (cart_id, product_id, quantity) VALUES (76, 470, 1);
INSERT INTO Cart_Item (cart_id, product_id, quantity) VALUES (77, 21,  1);
INSERT INTO Cart_Item (cart_id, product_id, quantity) VALUES (77, 82,  1);
INSERT INTO Cart_Item (cart_id, product_id, quantity) VALUES (77, 637, 2);
INSERT INTO Cart_Item (cart_id, product_id, quantity) VALUES (78, 30,  2);
INSERT INTO Cart_Item (cart_id, product_id, quantity) VALUES (78, 167, 1);
INSERT INTO Cart_Item (cart_id, product_id, quantity) VALUES (78, 242, 2);
INSERT INTO Cart_Item (cart_id, product_id, quantity) VALUES (78, 170, 1);
INSERT INTO Cart_Item (cart_id, product_id, quantity) VALUES (79, 22,  1);
INSERT INTO Cart_Item (cart_id, product_id, quantity) VALUES (79, 88,  2);
INSERT INTO Cart_Item (cart_id, product_id, quantity) VALUES (80, 471, 1);
INSERT INTO Cart_Item (cart_id, product_id, quantity) VALUES (80, 478, 1);
INSERT INTO Cart_Item (cart_id, product_id, quantity) VALUES (80, 488, 2);
INSERT INTO Cart_Item (cart_id, product_id, quantity) VALUES (80, 635, 1);




------------------------------------------------------------
-- CART 81-90 (discountsuz)  - buyer_id = cart_id
------------------------------------------------------------

INSERT INTO Cart (buyer_id, created_at) VALUES (11, '2025-10-02 10:09:00');
INSERT INTO Cart (buyer_id, created_at) VALUES (12, '2025-10-03 14:04:00');
INSERT INTO Cart (buyer_id, created_at) VALUES (13, '2025-10-04 09:29:00');
INSERT INTO Cart (buyer_id, created_at) VALUES (14, '2025-10-06 18:10:00');
INSERT INTO Cart (buyer_id, created_at) VALUES (15, '2025-10-08 11:54:00');
INSERT INTO Cart (buyer_id, created_at) VALUES (16, '2025-10-10 20:39:00');
INSERT INTO Cart (buyer_id, created_at) VALUES (17, '2025-10-12 16:14:00');
INSERT INTO Cart (buyer_id, created_at) VALUES (18, '2025-10-13 12:24:00');
INSERT INTO Cart (buyer_id, created_at) VALUES (19, '2025-10-15 09:40:00');
INSERT INTO Cart (buyer_id, created_at) VALUES (20, '2025-10-18 19:05:00');


------------------------------------------------------------
-- CART_ITEM 81-90 (discountsuz ürünler)
------------------------------------------------------------

-- Cart 81
INSERT INTO Cart_Item (cart_id, product_id, quantity) VALUES (81, 300, 1);
INSERT INTO Cart_Item (cart_id, product_id, quantity) VALUES (81, 12,  1);
-- Cart 82
INSERT INTO Cart_Item (cart_id, product_id, quantity) VALUES (82, 29,  1);
INSERT INTO Cart_Item (cart_id, product_id, quantity) VALUES (82, 6, 2);

-- Cart 83
INSERT INTO Cart_Item (cart_id, product_id, quantity) VALUES (83, 436, 1);
INSERT INTO Cart_Item (cart_id, product_id, quantity) VALUES (83, 11,  1);

-- Cart 84
INSERT INTO Cart_Item (cart_id, product_id, quantity) VALUES (84, 301, 1);
INSERT INTO Cart_Item (cart_id, product_id, quantity) VALUES (84, 23,  2);

-- Cart 85
INSERT INTO Cart_Item (cart_id, product_id, quantity) VALUES (85, 14,  1);
INSERT INTO Cart_Item (cart_id, product_id, quantity) VALUES (85, 4,  1);

-- Cart 86
INSERT INTO Cart_Item (cart_id, product_id, quantity) VALUES (86, 7,   1);
INSERT INTO Cart_Item (cart_id, product_id, quantity) VALUES (86, 16,  1);

-- Cart 87
INSERT INTO Cart_Item (cart_id, product_id, quantity) VALUES (87, 5,   1);
INSERT INTO Cart_Item (cart_id, product_id, quantity) VALUES (87, 26, 1);

-- Cart 88
INSERT INTO Cart_Item (cart_id, product_id, quantity) VALUES (88, 19, 1);
INSERT INTO Cart_Item (cart_id, product_id, quantity) VALUES (88, 12,  2);

-- Cart 89
INSERT INTO Cart_Item (cart_id, product_id, quantity) VALUES (89, 300, 1);
INSERT INTO Cart_Item (cart_id, product_id, quantity) VALUES (89, 29,  1);

-- Cart 90
INSERT INTO Cart_Item (cart_id, product_id, quantity) VALUES (90, 436, 1);
INSERT INTO Cart_Item (cart_id, product_id, quantity) VALUES (90, 6,   1);


------------------------------------------------------------
-- CART 91-110 (discountsuz) - buyer_id = cart_id
------------------------------------------------------------

INSERT INTO Cart (buyer_id, created_at) VALUES (21, '2025-10-19 10:14:00');
INSERT INTO Cart (buyer_id, created_at) VALUES (22, '2025-10-20 13:39:00');
INSERT INTO Cart (buyer_id, created_at) VALUES (23, '2025-10-21 09:04:00');
INSERT INTO Cart (buyer_id, created_at) VALUES (24, '2025-10-22 18:19:00');
INSERT INTO Cart (buyer_id, created_at) VALUES (25, '2025-10-23 11:24:00');
INSERT INTO Cart (buyer_id, created_at) VALUES (26, '2025-10-24 20:44:00');
INSERT INTO Cart (buyer_id, created_at) VALUES (27, '2025-10-26 16:09:00');
INSERT INTO Cart (buyer_id, created_at) VALUES (28, '2025-10-27 12:29:00');
INSERT INTO Cart (buyer_id, created_at) VALUES (29, '2025-10-28 09:54:00');
INSERT INTO Cart (buyer_id, created_at) VALUES (30, '2025-10-29 19:09:00');

INSERT INTO Cart (buyer_id, created_at) VALUES (1,  '2025-10-30 10:34:00');
INSERT INTO Cart (buyer_id, created_at) VALUES (2,  '2025-10-31 14:04:00');
INSERT INTO Cart (buyer_id, created_at) VALUES (3,  '2025-11-01 09:19:00');
INSERT INTO Cart (buyer_id, created_at) VALUES (4,  '2025-11-02 18:39:00');
INSERT INTO Cart (buyer_id, created_at) VALUES (5,  '2025-11-03 11:49:00');
INSERT INTO Cart (buyer_id, created_at) VALUES (6,  '2025-11-05 20:24:00');
INSERT INTO Cart (buyer_id, created_at) VALUES (7,  '2025-11-07 16:39:00');
INSERT INTO Cart (buyer_id, created_at) VALUES (8,  '2025-11-10 12:04:00');
INSERT INTO Cart (buyer_id, created_at) VALUES (9,  '2025-11-14 09:39:00');
INSERT INTO Cart (buyer_id, created_at) VALUES (10, '2025-11-18 19:14:00');


------------------------------------------------------------
-- CART_ITEM 91-110 (discountsuz ürünler)
------------------------------------------------------------

-- Cart 91
INSERT INTO Cart_Item (cart_id, product_id, quantity) VALUES (91,  300, 1);
INSERT INTO Cart_Item (cart_id, product_id, quantity) VALUES (91,  12,  1);

-- Cart 92
INSERT INTO Cart_Item (cart_id, product_id, quantity) VALUES (92,  29,  1);
INSERT INTO Cart_Item (cart_id, product_id, quantity) VALUES (92,  6,  2);

-- Cart 93
INSERT INTO Cart_Item (cart_id, product_id, quantity) VALUES (93,  436, 1);
INSERT INTO Cart_Item (cart_id, product_id, quantity) VALUES (93,  11,  1);
-- Cart 94
INSERT INTO Cart_Item (cart_id, product_id, quantity) VALUES (94,  301, 1);
INSERT INTO Cart_Item (cart_id, product_id, quantity) VALUES (94,  23,  2);

-- Cart 95
INSERT INTO Cart_Item (cart_id, product_id, quantity) VALUES (95,  14,  1);
INSERT INTO Cart_Item (cart_id, product_id, quantity) VALUES (95,  4,   1);

-- Cart 96
INSERT INTO Cart_Item (cart_id, product_id, quantity) VALUES (96,  7,   1);
INSERT INTO Cart_Item (cart_id, product_id, quantity) VALUES (96,  16,  1);

-- Cart 97
INSERT INTO Cart_Item (cart_id, product_id, quantity) VALUES (97,  5,   1);
INSERT INTO Cart_Item (cart_id, product_id, quantity) VALUES (97,  26,  1);

-- Cart 98
INSERT INTO Cart_Item (cart_id, product_id, quantity) VALUES (98,  19,  1);
INSERT INTO Cart_Item (cart_id, product_id, quantity) VALUES (98,  12, 2);

-- Cart 99
INSERT INTO Cart_Item (cart_id, product_id, quantity) VALUES (99,  300, 1);
INSERT INTO Cart_Item (cart_id, product_id, quantity) VALUES (99,  29,  1);

-- Cart 100
INSERT INTO Cart_Item (cart_id, product_id, quantity) VALUES (100, 436, 1);
INSERT INTO Cart_Item (cart_id, product_id, quantity) VALUES (100, 6,   1);


-- Cart 101
INSERT INTO Cart_Item (cart_id, product_id, quantity) VALUES (101, 301, 1);
INSERT INTO Cart_Item (cart_id, product_id, quantity) VALUES (101, 23,  1);

-- Cart 102
INSERT INTO Cart_Item (cart_id, product_id, quantity) VALUES (102, 300, 1);
INSERT INTO Cart_Item (cart_id, product_id, quantity) VALUES (102, 12,  1);

-- Cart 103
INSERT INTO Cart_Item (cart_id, product_id, quantity) VALUES (103, 29,  1);
INSERT INTO Cart_Item (cart_id, product_id, quantity) VALUES (103, 6,   2);

-- Cart 104
INSERT INTO Cart_Item (cart_id, product_id, quantity) VALUES (104, 436, 1);
INSERT INTO Cart_Item (cart_id, product_id, quantity) VALUES (104, 11,  1);

-- Cart 105
INSERT INTO Cart_Item (cart_id, product_id, quantity) VALUES (105, 14,  1);
INSERT INTO Cart_Item (cart_id, product_id, quantity) VALUES (105, 4,  1);
-- Cart 106
INSERT INTO Cart_Item (cart_id, product_id, quantity) VALUES (106, 7,  1);
INSERT INTO Cart_Item (cart_id, product_id, quantity) VALUES (106, 16,  1);

-- Cart 107
INSERT INTO Cart_Item (cart_id, product_id, quantity) VALUES (107, 5,   1);
INSERT INTO Cart_Item (cart_id, product_id, quantity) VALUES (107, 26,  1);

-- Cart 108
INSERT INTO Cart_Item (cart_id, product_id, quantity) VALUES (108, 300, 1);
INSERT INTO Cart_Item (cart_id, product_id, quantity) VALUES (108, 23, 2);

-- Cart 109
INSERT INTO Cart_Item (cart_id, product_id, quantity) VALUES (109, 436, 1);
INSERT INTO Cart_Item (cart_id, product_id, quantity) VALUES (109, 12,  1);

-- Cart 110
INSERT INTO Cart_Item (cart_id, product_id, quantity) VALUES (110, 29,  1);
INSERT INTO Cart_Item (cart_id, product_id, quantity) VALUES (110, 6,  1);




-- ========== CART INSERTS (111-140) ==========
INSERT INTO Cart (buyer_id, created_at) VALUES (1,  '2025-07-01 10:05:00');
INSERT INTO Cart (buyer_id, created_at) VALUES (2,  '2025-07-02 14:19:00');
INSERT INTO Cart (buyer_id, created_at) VALUES (3,  '2025-07-03 09:39:00');
INSERT INTO Cart (buyer_id, created_at) VALUES (4,  '2025-07-04 18:09:00');
INSERT INTO Cart (buyer_id, created_at) VALUES (5,  '2025-07-05 11:54:00');
INSERT INTO Cart (buyer_id, created_at) VALUES (6,  '2025-07-06 20:34:00');
INSERT INTO Cart (buyer_id, created_at) VALUES (7,  '2025-07-07 16:14:00');
INSERT INTO Cart (buyer_id, created_at) VALUES (8,  '2025-07-08 12:24:00');
INSERT INTO Cart (buyer_id, created_at) VALUES (9,  '2025-07-09 09:44:00');
INSERT INTO Cart (buyer_id, created_at) VALUES (10, '2025-07-10 19:04:00');

INSERT INTO Cart (buyer_id, created_at) VALUES (11, '2025-07-11 10:24:00');
INSERT INTO Cart (buyer_id, created_at) VALUES (12, '2025-07-12 14:04:00');
INSERT INTO Cart (buyer_id, created_at) VALUES (13, '2025-07-13 09:14:00');
INSERT INTO Cart (buyer_id, created_at) VALUES (14, '2025-07-14 18:34:00');
INSERT INTO Cart (buyer_id, created_at) VALUES (15, '2025-07-15 11:19:00');
INSERT INTO Cart (buyer_id, created_at) VALUES (16, '2025-07-16 20:09:00');
INSERT INTO Cart (buyer_id, created_at) VALUES (17, '2025-07-17 16:39:00');
INSERT INTO Cart (buyer_id, created_at) VALUES (18, '2025-07-18 12:09:00');
INSERT INTO Cart (buyer_id, created_at) VALUES (19, '2025-07-19 09:29:00');
INSERT INTO Cart (buyer_id, created_at) VALUES (20, '2025-07-20 19:39:00');

INSERT INTO Cart (buyer_id, created_at) VALUES (131, '2025-07-21 10:44:00');
INSERT INTO Cart (buyer_id, created_at) VALUES (132, '2025-07-22 14:34:00');
INSERT INTO Cart (buyer_id, created_at) VALUES (133, '2025-07-23 09:59:00');
INSERT INTO Cart (buyer_id, created_at) VALUES (134, '2025-07-24 18:19:00');
INSERT INTO Cart (buyer_id, created_at) VALUES (135, '2025-07-25 11:04:00');
INSERT INTO Cart (buyer_id, created_at) VALUES (136, '2025-07-26 20:54:00');
INSERT INTO Cart (buyer_id, created_at) VALUES (137, '2025-07-27 16:24:00');
INSERT INTO Cart (buyer_id, created_at) VALUES (138, '2025-07-28 12:44:00');
INSERT INTO Cart (buyer_id, created_at) VALUES (139, '2025-07-29 09:09:00');
INSERT INTO Cart (buyer_id, created_at) VALUES (140, '2025-07-30 19:14:00');



-- ========== CART_ITEM INSERTS (111-140) | tamamı discountsuz ==========
-- Cart 111
INSERT INTO Cart_Item (cart_id, product_id, quantity) VALUES (111, 300, 1);
INSERT INTO Cart_Item (cart_id, product_id, quantity) VALUES (111, 12,  1);

-- Cart 112
INSERT INTO Cart_Item (cart_id, product_id, quantity) VALUES (112, 29,  1);
INSERT INTO Cart_Item (cart_id, product_id, quantity) VALUES (112, 6,   2);

-- Cart 113
INSERT INTO Cart_Item (cart_id, product_id, quantity) VALUES (113, 436, 1);
INSERT INTO Cart_Item (cart_id, product_id, quantity) VALUES (113, 11,  1);

-- Cart 114
INSERT INTO Cart_Item (cart_id, product_id, quantity) VALUES (114, 301, 1);
INSERT INTO Cart_Item (cart_id, product_id, quantity) VALUES (114, 23,  2);

-- Cart 115
INSERT INTO Cart_Item (cart_id, product_id, quantity) VALUES (115, 14,  1);
INSERT INTO Cart_Item (cart_id, product_id, quantity) VALUES (115, 4,   1);
-- Cart 116
INSERT INTO Cart_Item (cart_id, product_id, quantity) VALUES (116, 7,   1);
INSERT INTO Cart_Item (cart_id, product_id, quantity) VALUES (116, 16,  1);

-- Cart 117
INSERT INTO Cart_Item (cart_id, product_id, quantity) VALUES (117, 5,   1);
INSERT INTO Cart_Item (cart_id, product_id, quantity) VALUES (117, 26,  1);

-- Cart 118
INSERT INTO Cart_Item (cart_id, product_id, quantity) VALUES (118, 19,  1);
INSERT INTO Cart_Item (cart_id, product_id, quantity) VALUES (118, 12,  2);

-- Cart 119
INSERT INTO Cart_Item (cart_id, product_id, quantity) VALUES (119, 300, 1);
INSERT INTO Cart_Item (cart_id, product_id, quantity) VALUES (119, 29,  1);

-- Cart 120
INSERT INTO Cart_Item (cart_id, product_id, quantity) VALUES (120, 436, 1);
INSERT INTO Cart_Item (cart_id, product_id, quantity) VALUES (120, 6,   1);

-- Cart 121
INSERT INTO Cart_Item (cart_id, product_id, quantity) VALUES (121, 301, 1);
INSERT INTO Cart_Item (cart_id, product_id, quantity) VALUES (121, 23,  1);

-- Cart 122
INSERT INTO Cart_Item (cart_id, product_id, quantity) VALUES (122, 300, 1);
INSERT INTO Cart_Item (cart_id, product_id, quantity) VALUES (122, 12,  1);

-- Cart 123
INSERT INTO Cart_Item (cart_id, product_id, quantity) VALUES (123, 29,  1);
INSERT INTO Cart_Item (cart_id, product_id, quantity) VALUES (123, 6,   2);

-- Cart 124
INSERT INTO Cart_Item (cart_id, product_id, quantity) VALUES (124, 436, 1);
INSERT INTO Cart_Item (cart_id, product_id, quantity) VALUES (124, 11,  1);

-- Cart 125
INSERT INTO Cart_Item (cart_id, product_id, quantity) VALUES (125, 14,  1);
INSERT INTO Cart_Item (cart_id, product_id, quantity) VALUES (125, 4,   1);

-- Cart 126
INSERT INTO Cart_Item (cart_id, product_id, quantity) VALUES (126, 7,   1);
INSERT INTO Cart_Item (cart_id, product_id, quantity) VALUES (126, 16,  1);

-- Cart 127
INSERT INTO Cart_Item (cart_id, product_id, quantity) VALUES (127, 5,   1);
INSERT INTO Cart_Item (cart_id, product_id, quantity) VALUES (127, 26,  1);

-- Cart 128
INSERT INTO Cart_Item (cart_id, product_id, quantity) VALUES (128, 19,  1);
INSERT INTO Cart_Item (cart_id, product_id, quantity) VALUES (128, 12,  2);

-- Cart 129
INSERT INTO Cart_Item (cart_id, product_id, quantity) VALUES (129, 300, 1);
INSERT INTO Cart_Item (cart_id, product_id, quantity) VALUES (129, 29,  1);

-- Cart 130
INSERT INTO Cart_Item (cart_id, product_id, quantity) VALUES (130, 436, 1);
INSERT INTO Cart_Item (cart_id, product_id, quantity) VALUES (130, 6,   1);

-- Cart 131
INSERT INTO Cart_Item (cart_id, product_id, quantity) VALUES (131, 301, 1);
INSERT INTO Cart_Item (cart_id, product_id, quantity) VALUES (131, 23,  2);

-- Cart 132
INSERT INTO Cart_Item (cart_id, product_id, quantity) VALUES (132, 300, 1);
INSERT INTO Cart_Item (cart_id, product_id, quantity) VALUES (132, 12,  1);

-- Cart 133
INSERT INTO Cart_Item (cart_id, product_id, quantity) VALUES (133, 29,  1);
INSERT INTO Cart_Item (cart_id, product_id, quantity) VALUES (133, 6,   2);

-- Cart 134
INSERT INTO Cart_Item (cart_id, product_id, quantity) VALUES (134, 436, 1);
INSERT INTO Cart_Item (cart_id, product_id, quantity) VALUES (134, 11,  1);

-- Cart 135
INSERT INTO Cart_Item (cart_id, product_id, quantity) VALUES (135, 14,  1);
INSERT INTO Cart_Item (cart_id, product_id, quantity) VALUES (135, 4,   1);
-- Cart 136
INSERT INTO Cart_Item (cart_id, product_id, quantity) VALUES (136, 7,   1);
INSERT INTO Cart_Item (cart_id, product_id, quantity) VALUES (136, 16,  1);

-- Cart 137
INSERT INTO Cart_Item (cart_id, product_id, quantity) VALUES (137, 5,   1);
INSERT INTO Cart_Item (cart_id, product_id, quantity) VALUES (137, 26,  1);

-- Cart 138
INSERT INTO Cart_Item (cart_id, product_id, quantity) VALUES (138, 19,  1);
INSERT INTO Cart_Item (cart_id, product_id, quantity) VALUES (138, 12,  2);

-- Cart 139
INSERT INTO Cart_Item (cart_id, product_id, quantity) VALUES (139, 300, 1);
INSERT INTO Cart_Item (cart_id, product_id, quantity) VALUES (139, 29,  1);

-- Cart 140
INSERT INTO Cart_Item (cart_id, product_id, quantity) VALUES (140, 436, 1);
INSERT INTO Cart_Item (cart_id, product_id, quantity) VALUES (140, 6,   1);



------------------------------------------------------------
-- CART 141-150 (ACTIVE) | 2 DISCOUNT + 1 NON-DISCOUNT / cart
-- Discount window: 2025-08-15 .. 2025-09-05
-- buyer_id = cart_id
------------------------------------------------------------

INSERT INTO Cart (buyer_id,  created_at) VALUES (141, '2025-08-16 09:10:00');
INSERT INTO Cart (buyer_id, created_at) VALUES (142, '2025-08-18 14:25:00');
INSERT INTO Cart (buyer_id, created_at) VALUES (143, '2025-08-20 10:04:00');
INSERT INTO Cart (buyer_id, created_at) VALUES (144, '2025-08-23 18:34:00');
INSERT INTO Cart (buyer_id, created_at) VALUES (145, '2025-08-25 11:49:00');
INSERT INTO Cart (buyer_id, created_at) VALUES (146, '2025-08-27 20:14:00');
INSERT INTO Cart (buyer_id, created_at) VALUES (147, '2025-08-30 16:09:00');
INSERT INTO Cart (buyer_id, created_at) VALUES (148, '2025-09-01 12:24:00');
INSERT INTO Cart (buyer_id, created_at) VALUES (149, '2025-09-03 09:39:00');
INSERT INTO Cart (buyer_id, created_at) VALUES (150, '2025-09-05 19:04:00');

-- Cart 147
INSERT INTO Cart_Item (cart_id, product_id, quantity) VALUES (147, 460, 1);
INSERT INTO Cart_Item (cart_id, product_id, quantity) VALUES (147, 466, 2);
INSERT INTO Cart_Item (cart_id, product_id, quantity) VALUES (147, 26,  1);

-- Cart 148
INSERT INTO Cart_Item (cart_id, product_id, quantity) VALUES (148, 467, 1);
INSERT INTO Cart_Item (cart_id, product_id, quantity) VALUES (148, 468, 1);
INSERT INTO Cart_Item (cart_id, product_id, quantity) VALUES (148, 300, 1);

-- Cart 149
INSERT INTO Cart_Item (cart_id, product_id, quantity) VALUES (149, 469, 1);
INSERT INTO Cart_Item (cart_id, product_id, quantity) VALUES (149, 470, 1);
INSERT INTO Cart_Item (cart_id, product_id, quantity) VALUES (149, 6,   1);

-- Cart 150
INSERT INTO Cart_Item (cart_id, product_id, quantity) VALUES (150, 456, 1);
INSERT INTO Cart_Item (cart_id, product_id, quantity) VALUES (150, 459, 2);
INSERT INTO Cart_Item (cart_id, product_id, quantity) VALUES (150, 23,  1);





------------------------------------------------------------
-- CART_ITEM 141-150 (3 item / cart)
-- 2 DISCOUNT (456-470) + 1 NON-DISCOUNT
------------------------------------------------------------

-- Cart 141
INSERT INTO Cart_Item (cart_id, product_id, quantity) VALUES (141, 456, 1);
INSERT INTO Cart_Item (cart_id, product_id, quantity) VALUES (141, 459, 1);
INSERT INTO Cart_Item (cart_id, product_id, quantity) VALUES (141, 12,  1);

-- Cart 142
INSERT INTO Cart_Item (cart_id, product_id, quantity) VALUES (142, 460, 2);
INSERT INTO Cart_Item (cart_id, product_id, quantity) VALUES (142, 463, 1);
INSERT INTO Cart_Item (cart_id, product_id, quantity) VALUES (142, 29,  1);

-- Cart 143
INSERT INTO Cart_Item (cart_id, product_id, quantity) VALUES (143, 464, 1);
INSERT INTO Cart_Item (cart_id, product_id, quantity) VALUES (143, 466, 2);
INSERT INTO Cart_Item (cart_id, product_id, quantity) VALUES (143, 6,  1);

-- Cart 144
INSERT INTO Cart_Item (cart_id, product_id, quantity) VALUES (144, 467, 1);
INSERT INTO Cart_Item (cart_id, product_id, quantity) VALUES (144, 468, 1);
INSERT INTO Cart_Item (cart_id, product_id, quantity) VALUES (144, 23,  2);

-- Cart 145
INSERT INTO Cart_Item (cart_id, product_id, quantity) VALUES (145, 469, 1);
INSERT INTO Cart_Item (cart_id, product_id, quantity) VALUES (145, 470, 2);
INSERT INTO Cart_Item (cart_id, product_id, quantity) VALUES (145, 11,  1);

-- Cart 146
INSERT INTO Cart_Item (cart_id, product_id, quantity) VALUES (146, 456, 1);
INSERT INTO Cart_Item (cart_id, product_id, quantity) VALUES (146, 463, 1);
INSERT INTO Cart_Item (cart_id, product_id, quantity) VALUES (146, 14,  1);







-- PAYMENT inserts (cart_id 1..110)
-- 1..95 Success, 96..110 Failed
-- odd -> Credit Card, even -> Debit Card

-- Success olanlar (tek deneme)
INSERT INTO Payment (cart_id, attempt_number, payment_type, payment_status) VALUES (1,  1, 'Credit Card', 'Success');
INSERT INTO Payment (cart_id, attempt_number, payment_type, payment_status) VALUES (2,  1, 'Debit Card',  'Success');
INSERT INTO Payment (cart_id, attempt_number, payment_type, payment_status) VALUES (3,  1, 'Credit Card', 'Success');
INSERT INTO Payment (cart_id, attempt_number, payment_type, payment_status) VALUES (4,  1, 'Debit Card',  'Success');
INSERT INTO Payment (cart_id, attempt_number, payment_type, payment_status) VALUES (5,  1, 'Credit Card', 'Success');
INSERT INTO Payment (cart_id, attempt_number, payment_type, payment_status) VALUES (6,  1, 'Debit Card',  'Success');
INSERT INTO Payment (cart_id, attempt_number, payment_type, payment_status) VALUES (7,  1, 'Credit Card', 'Success');
INSERT INTO Payment (cart_id, attempt_number, payment_type, payment_status) VALUES (8,  1, 'Debit Card',  'Success');
INSERT INTO Payment (cart_id, attempt_number, payment_type, payment_status) VALUES (9,  1, 'Credit Card', 'Success');
INSERT INTO Payment (cart_id, attempt_number, payment_type, payment_status) VALUES (10, 1, 'Debit Card',  'Success');

INSERT INTO Payment (cart_id, attempt_number, payment_type, payment_status) VALUES (11, 1, 'Credit Card', 'Success');
INSERT INTO Payment (cart_id, attempt_number, payment_type, payment_status) VALUES (12, 1, 'Debit Card',  'Success');
INSERT INTO Payment (cart_id, attempt_number, payment_type, payment_status) VALUES (13, 1, 'Credit Card', 'Success');
INSERT INTO Payment (cart_id, attempt_number, payment_type, payment_status) VALUES (14, 1, 'Debit Card',  'Success');
INSERT INTO Payment (cart_id, attempt_number, payment_type, payment_status) VALUES (15, 1, 'Credit Card', 'Success');
INSERT INTO Payment (cart_id, attempt_number, payment_type, payment_status) VALUES (16, 1, 'Debit Card',  'Success');
INSERT INTO Payment (cart_id, attempt_number, payment_type, payment_status) VALUES (17, 1, 'Credit Card', 'Success');
INSERT INTO Payment (cart_id, attempt_number, payment_type, payment_status) VALUES (18, 1, 'Debit Card',  'Success');
INSERT INTO Payment (cart_id, attempt_number, payment_type, payment_status) VALUES (19, 1, 'Credit Card', 'Success');
INSERT INTO Payment (cart_id, attempt_number, payment_type, payment_status) VALUES (20, 1, 'Debit Card',  'Success');

INSERT INTO Payment (cart_id, attempt_number, payment_type, payment_status) VALUES (21, 1, 'Credit Card', 'Success');
INSERT INTO Payment (cart_id, attempt_number, payment_type, payment_status) VALUES (22, 1, 'Debit Card',  'Success');
INSERT INTO Payment (cart_id, attempt_number, payment_type, payment_status) VALUES (23, 1, 'Credit Card', 'Success');
INSERT INTO Payment (cart_id, attempt_number, payment_type, payment_status) VALUES (24, 1, 'Debit Card',  'Success');
INSERT INTO Payment (cart_id, attempt_number, payment_type, payment_status) VALUES (25, 1, 'Credit Card', 'Success');
INSERT INTO Payment (cart_id, attempt_number, payment_type, payment_status) VALUES (26, 1, 'Debit Card',  'Success');
INSERT INTO Payment (cart_id, attempt_number, payment_type, payment_status) VALUES (27, 1, 'Credit Card', 'Success');
INSERT INTO Payment (cart_id, attempt_number, payment_type, payment_status) VALUES (28, 1, 'Debit Card',  'Success');
INSERT INTO Payment (cart_id, attempt_number, payment_type, payment_status) VALUES (29, 1, 'Credit Card', 'Success');
INSERT INTO Payment (cart_id, attempt_number, payment_type, payment_status) VALUES (30, 1, 'Debit Card',  'Success');

INSERT INTO Payment (cart_id, attempt_number, payment_type, payment_status) VALUES (31, 1, 'Credit Card', 'Success');
INSERT INTO Payment (cart_id, attempt_number, payment_type, payment_status) VALUES (32, 1, 'Debit Card',  'Success');
INSERT INTO Payment (cart_id, attempt_number, payment_type, payment_status) VALUES (33, 1, 'Credit Card', 'Success');
INSERT INTO Payment (cart_id, attempt_number, payment_type, payment_status) VALUES (34, 1, 'Debit Card',  'Success');
INSERT INTO Payment (cart_id, attempt_number, payment_type, payment_status) VALUES (35, 1, 'Credit Card', 'Success');
INSERT INTO Payment (cart_id, attempt_number, payment_type, payment_status) VALUES (36, 1, 'Debit Card',  'Success');
INSERT INTO Payment (cart_id, attempt_number, payment_type, payment_status) VALUES (37, 1, 'Credit Card', 'Success');
INSERT INTO Payment (cart_id, attempt_number, payment_type, payment_status) VALUES (38, 1, 'Debit Card',  'Success');
INSERT INTO Payment (cart_id, attempt_number, payment_type, payment_status) VALUES (39, 1, 'Credit Card', 'Success');
INSERT INTO Payment (cart_id, attempt_number, payment_type, payment_status) VALUES (40, 1, 'Debit Card',  'Success');

INSERT INTO Payment (cart_id, attempt_number, payment_type, payment_status) VALUES (41, 1, 'Credit Card', 'Success');
INSERT INTO Payment (cart_id, attempt_number, payment_type, payment_status) VALUES (42, 1, 'Debit Card',  'Success');
INSERT INTO Payment (cart_id, attempt_number, payment_type, payment_status) VALUES (43, 1, 'Credit Card', 'Success');
INSERT INTO Payment (cart_id, attempt_number, payment_type, payment_status) VALUES (44, 1, 'Debit Card',  'Success');
INSERT INTO Payment (cart_id, attempt_number, payment_type, payment_status) VALUES (45, 1, 'Credit Card', 'Success');
INSERT INTO Payment (cart_id, attempt_number, payment_type, payment_status) VALUES (46, 1, 'Debit Card',  'Success');
INSERT INTO Payment (cart_id, attempt_number, payment_type, payment_status) VALUES (47, 1, 'Credit Card', 'Success');
INSERT INTO Payment (cart_id, attempt_number, payment_type, payment_status) VALUES (48, 1, 'Debit Card',  'Success');
INSERT INTO Payment (cart_id, attempt_number, payment_type, payment_status) VALUES (49, 1, 'Credit Card', 'Success');
INSERT INTO Payment (cart_id, attempt_number, payment_type, payment_status) VALUES (50, 1, 'Debit Card',  'Success');

INSERT INTO Payment (cart_id, attempt_number, payment_type, payment_status) VALUES (51, 1, 'Credit Card', 'Success');
INSERT INTO Payment (cart_id, attempt_number, payment_type, payment_status) VALUES (52, 1, 'Debit Card',  'Success');
INSERT INTO Payment (cart_id, attempt_number, payment_type, payment_status) VALUES (53, 1, 'Credit Card', 'Success');
INSERT INTO Payment (cart_id, attempt_number, payment_type, payment_status) VALUES (54, 1, 'Debit Card',  'Success');
INSERT INTO Payment (cart_id, attempt_number, payment_type, payment_status) VALUES (55, 1, 'Credit Card', 'Success');
INSERT INTO Payment (cart_id, attempt_number, payment_type, payment_status) VALUES (56, 1, 'Debit Card',  'Success');
INSERT INTO Payment (cart_id, attempt_number, payment_type, payment_status) VALUES (57, 1, 'Credit Card', 'Success');
INSERT INTO Payment (cart_id, attempt_number, payment_type, payment_status) VALUES (58, 1, 'Debit Card',  'Success');
INSERT INTO Payment (cart_id, attempt_number, payment_type, payment_status) VALUES (59, 1, 'Credit Card', 'Success');
INSERT INTO Payment (cart_id, attempt_number, payment_type, payment_status) VALUES (60, 1, 'Debit Card',  'Success');

INSERT INTO Payment (cart_id, attempt_number, payment_type, payment_status) VALUES (61, 1, 'Credit Card', 'Success');
INSERT INTO Payment (cart_id, attempt_number, payment_type, payment_status) VALUES (62, 1, 'Debit Card',  'Success');
INSERT INTO Payment (cart_id, attempt_number, payment_type, payment_status) VALUES (63, 1, 'Credit Card', 'Success');
INSERT INTO Payment (cart_id, attempt_number, payment_type, payment_status) VALUES (64, 1, 'Debit Card',  'Success');
INSERT INTO Payment (cart_id, attempt_number, payment_type, payment_status) VALUES (65, 1, 'Credit Card', 'Success');
INSERT INTO Payment (cart_id, attempt_number, payment_type, payment_status) VALUES (66, 1, 'Debit Card',  'Success');
INSERT INTO Payment (cart_id, attempt_number, payment_type, payment_status) VALUES (67, 1, 'Credit Card', 'Success');
INSERT INTO Payment (cart_id, attempt_number, payment_type, payment_status) VALUES (68, 1, 'Debit Card',  'Success');
INSERT INTO Payment (cart_id, attempt_number, payment_type, payment_status) VALUES (69, 1, 'Credit Card', 'Success');
INSERT INTO Payment (cart_id, attempt_number, payment_type, payment_status) VALUES (70, 1, 'Debit Card',  'Success');

INSERT INTO Payment (cart_id, attempt_number, payment_type, payment_status) VALUES (71, 1, 'Credit Card', 'Success');
INSERT INTO Payment (cart_id, attempt_number, payment_type, payment_status) VALUES (72, 1, 'Debit Card',  'Success');
INSERT INTO Payment (cart_id, attempt_number, payment_type, payment_status) VALUES (73, 1, 'Credit Card', 'Success');
INSERT INTO Payment (cart_id, attempt_number, payment_type, payment_status) VALUES (74, 1, 'Debit Card',  'Success');
INSERT INTO Payment (cart_id, attempt_number, payment_type, payment_status) VALUES (75, 1, 'Credit Card', 'Success');
INSERT INTO Payment (cart_id, attempt_number, payment_type, payment_status) VALUES (76, 1, 'Debit Card',  'Success');
INSERT INTO Payment (cart_id, attempt_number, payment_type, payment_status) VALUES (77, 1, 'Credit Card', 'Success');
INSERT INTO Payment (cart_id, attempt_number, payment_type, payment_status) VALUES (78, 1, 'Debit Card',  'Success');
INSERT INTO Payment (cart_id, attempt_number, payment_type, payment_status) VALUES (79, 1, 'Credit Card', 'Success');
-- Cart 80
INSERT INTO Payment (cart_id, attempt_number, payment_type, payment_status)
VALUES (80, 1, 'Debit Card', 'Failed');
INSERT INTO Payment (cart_id, attempt_number, payment_type, payment_status)
VALUES (80, 2, 'Debit Card', 'Success');

-- Cart 81
INSERT INTO Payment (cart_id, attempt_number, payment_type, payment_status)
VALUES (81, 1, 'Credit Card', 'Failed');
INSERT INTO Payment (cart_id, attempt_number, payment_type, payment_status)
VALUES (81, 2, 'Credit Card', 'Success');

-- Cart 82
INSERT INTO Payment (cart_id, attempt_number, payment_type, payment_status)
VALUES (82, 1, 'Debit Card', 'Failed');
INSERT INTO Payment (cart_id, attempt_number, payment_type, payment_status)
VALUES (82, 2, 'Debit Card', 'Success');

-- Cart 83
INSERT INTO Payment (cart_id, attempt_number, payment_type, payment_status)
VALUES (83, 1, 'Credit Card', 'Failed');
INSERT INTO Payment (cart_id, attempt_number, payment_type, payment_status)
VALUES (83, 2, 'Credit Card', 'Success');

-- Cart 84
INSERT INTO Payment (cart_id, attempt_number, payment_type, payment_status)
VALUES (84, 1, 'Debit Card', 'Failed');
INSERT INTO Payment (cart_id, attempt_number, payment_type, payment_status)
VALUES (84, 2, 'Debit Card', 'Success');

-- Cart 85
INSERT INTO Payment (cart_id, attempt_number, payment_type, payment_status)
VALUES (85, 1, 'Credit Card', 'Failed');
INSERT INTO Payment (cart_id, attempt_number, payment_type, payment_status)
VALUES (85, 2, 'Credit Card', 'Success');

-- Cart 86
INSERT INTO Payment (cart_id, attempt_number, payment_type, payment_status)
VALUES (86, 1, 'Debit Card', 'Failed');
INSERT INTO Payment (cart_id, attempt_number, payment_type, payment_status)
VALUES (86, 2, 'Debit Card', 'Success');

-- Cart 87
INSERT INTO Payment (cart_id, attempt_number, payment_type, payment_status)
VALUES (87, 1, 'Credit Card', 'Failed');
INSERT INTO Payment (cart_id, attempt_number, payment_type, payment_status)
VALUES (87, 2, 'Credit Card', 'Success');


INSERT INTO Payment (cart_id, attempt_number, payment_type, payment_status) VALUES (88, 1, 'Credit Card', 'Failed');

INSERT INTO Payment (cart_id, attempt_number, payment_type, payment_status) VALUES (88, 2, 'Debit Card', 'Success');

-- 1. deneme
INSERT INTO Payment (cart_id, attempt_number, payment_type, payment_status)
VALUES (89, 1, 'Credit Card', 'Failed');

-- 2. deneme
INSERT INTO Payment (cart_id, attempt_number, payment_type, payment_status)
VALUES (89, 2, 'Credit Card', 'Failed');

-- 3. deneme
INSERT INTO Payment (cart_id, attempt_number, payment_type, payment_status)
VALUES (89, 3, 'Credit Card', 'Success');

-- Cart 90-95: 1. deneme Failed
INSERT INTO Payment (cart_id, attempt_number, payment_type, payment_status) VALUES (90, 1, 'Debit Card',  'Failed');
INSERT INTO Payment (cart_id, attempt_number, payment_type, payment_status) VALUES (91, 1, 'Credit Card', 'Failed');
INSERT INTO Payment (cart_id, attempt_number, payment_type, payment_status) VALUES (92, 1, 'Debit Card',  'Failed');
INSERT INTO Payment (cart_id, attempt_number, payment_type, payment_status) VALUES (93, 1, 'Credit Card', 'Failed');
INSERT INTO Payment (cart_id, attempt_number, payment_type, payment_status) VALUES (94, 1, 'Debit Card',  'Failed');
INSERT INTO Payment (cart_id, attempt_number, payment_type, payment_status) VALUES (95, 1, 'Credit Card', 'Failed');

-- Cart 90-95: 2. deneme Success
INSERT INTO Payment (cart_id, attempt_number, payment_type, payment_status) VALUES (90, 2, 'Debit Card',  'Success');
INSERT INTO Payment (cart_id, attempt_number, payment_type, payment_status) VALUES (91, 2, 'Credit Card', 'Success');
INSERT INTO Payment (cart_id, attempt_number, payment_type, payment_status) VALUES (92, 2, 'Debit Card',  'Success');
INSERT INTO Payment (cart_id, attempt_number, payment_type, payment_status) VALUES (93, 2, 'Credit Card', 'Success');
INSERT INTO Payment (cart_id, attempt_number, payment_type, payment_status) VALUES (94, 2, 'Debit Card',  'Success');
INSERT INTO Payment (cart_id, attempt_number, payment_type, payment_status) VALUES (95, 2, 'Credit Card', 'Success');



-- Failed olanlar (şimdilik sadece 1 deneme yaptık)
INSERT INTO Payment (cart_id, attempt_number, payment_type, payment_status) VALUES (96,  1, 'Credit Card', 'Failed');
INSERT INTO Payment (cart_id, attempt_number, payment_type, payment_status) VALUES (97,  1, 'Credit Card', 'Failed');
INSERT INTO Payment (cart_id, attempt_number, payment_type, payment_status) VALUES (98,  1, 'Debit Card',  'Failed');
INSERT INTO Payment (cart_id, attempt_number, payment_type, payment_status) VALUES (99,  1, 'Credit Card', 'Failed');
INSERT INTO Payment (cart_id, attempt_number, payment_type, payment_status) VALUES (100, 1, 'Credit Card', 'Failed');
INSERT INTO Payment (cart_id, attempt_number, payment_type, payment_status) VALUES (101, 1, 'Debit Card',  'Failed');
INSERT INTO Payment (cart_id, attempt_number, payment_type, payment_status) VALUES (102, 1, 'Credit Card', 'Failed');
INSERT INTO Payment (cart_id, attempt_number, payment_type, payment_status) VALUES (103, 1, 'Credit Card', 'Failed');
INSERT INTO Payment (cart_id, attempt_number, payment_type, payment_status) VALUES (104, 1, 'Credit Card', 'Failed');
-- Cart 105: 1st Debit Card failed, 2nd Credit Card failed
INSERT INTO Payment (cart_id, attempt_number, payment_type, payment_status) VALUES (105, 1, 'Debit Card',  'Failed');
INSERT INTO Payment (cart_id, attempt_number, payment_type, payment_status) VALUES (105, 2, 'Credit Card', 'Failed');

-- Cart 106: 1st Credit Card failed, 2nd Debit Card failed
INSERT INTO Payment (cart_id, attempt_number, payment_type, payment_status) VALUES (106, 1, 'Credit Card', 'Failed');
INSERT INTO Payment (cart_id, attempt_number, payment_type, payment_status) VALUES (106, 2, 'Debit Card',  'Failed');

-- Cart 107: 1st Credit Card failed, 2nd Debit Card failed
INSERT INTO Payment (cart_id, attempt_number, payment_type, payment_status) VALUES (107, 1, 'Credit Card', 'Failed');
INSERT INTO Payment (cart_id, attempt_number, payment_type, payment_status) VALUES (107, 2, 'Debit Card',  'Failed');

-- Cart 108: 1st Debit Card failed, 2nd Credit Card failed
INSERT INTO Payment (cart_id, attempt_number, payment_type, payment_status) VALUES (108, 1, 'Debit Card',  'Failed');
INSERT INTO Payment (cart_id, attempt_number, payment_type, payment_status) VALUES (108, 2, 'Credit Card', 'Failed');

-- Cart 109: 1st Credit Card failed, 2nd Debit Card failed
INSERT INTO Payment (cart_id, attempt_number, payment_type, payment_status) VALUES (109, 1, 'Credit Card', 'Failed');
INSERT INTO Payment (cart_id, attempt_number, payment_type, payment_status) VALUES (109, 2, 'Debit Card',  'Failed');

-- Cart 110: 1st Credit Card failed, 2nd Debit Card failed
INSERT INTO Payment (cart_id, attempt_number, payment_type, payment_status) VALUES (110, 1, 'Credit Card', 'Failed');
INSERT INTO Payment (cart_id, attempt_number, payment_type, payment_status) VALUES (110, 2, 'Debit Card',  'Failed');







------------------------------------------------------------
-- ORDERS (Cart 1-6)
------------------------------------------------------------
INSERT INTO Orders (cart_id, order_date) VALUES (1,  '2025-01-02 10:20:00');
INSERT INTO Orders (cart_id, order_date) VALUES (2,  '2025-01-03 12:36:00');
INSERT INTO Orders (cart_id, order_date) VALUES (3,  '2025-01-05 09:58:00');
INSERT INTO Orders (cart_id, order_date) VALUES (4,  '2025-01-08 16:27:00');
INSERT INTO Orders (cart_id, order_date) VALUES (5,  '2025-01-12 11:32:00');
INSERT INTO Orders (cart_id, order_date) VALUES (6,  '2025-01-14 20:22:00');


------------------------------------------------------------
-- ORDERS (Cart 7-14)
------------------------------------------------------------
INSERT INTO Orders (cart_id, order_date) VALUES (7,  '2025-03-01 10:18:00');
INSERT INTO Orders (cart_id, order_date) VALUES (8,  '2025-03-02 13:20:00');
INSERT INTO Orders (cart_id, order_date) VALUES (9,  '2025-03-03 09:40:00');
INSERT INTO Orders (cart_id, order_date) VALUES (10, '2025-03-04 18:37:00');
INSERT INTO Orders (cart_id, order_date) VALUES (11, '2025-03-05 12:06:00');
INSERT INTO Orders (cart_id, order_date) VALUES (12, '2025-03-06 16:29:00');
INSERT INTO Orders (cart_id, order_date) VALUES (13, '2025-03-07 20:22:00');
INSERT INTO Orders (cart_id, order_date) VALUES (14, '2025-03-08 12:50:00');


------------------------------------------------------------
-- ORDERS (Cart 15-20)
------------------------------------------------------------
INSERT INTO Orders (cart_id, order_date) VALUES (15, '2025-04-20 10:45:00');
INSERT INTO Orders (cart_id, order_date) VALUES (16, '2025-04-22 14:32:00');
INSERT INTO Orders (cart_id, order_date) VALUES (17, '2025-04-24 09:18:00');
INSERT INTO Orders (cart_id, order_date) VALUES (18, '2025-04-26 17:05:00');
INSERT INTO Orders (cart_id, order_date) VALUES (19, '2025-04-28 12:40:00');
INSERT INTO Orders (cart_id, order_date) VALUES (20, '2025-04-30 19:50:00');


------------------------------------------------------------
-- ORDERS (Cart 21-28)
------------------------------------------------------------
INSERT INTO Orders (cart_id, order_date) VALUES (21, '2025-05-01 09:25:00');
INSERT INTO Orders (cart_id, order_date) VALUES (22, '2025-05-02 13:55:00');
INSERT INTO Orders (cart_id, order_date) VALUES (23, '2025-05-03 18:20:00');
INSERT INTO Orders (cart_id, order_date) VALUES (24, '2025-05-05 11:35:00');
INSERT INTO Orders (cart_id, order_date) VALUES (25, '2025-05-07 17:10:00');
INSERT INTO Orders (cart_id, order_date) VALUES (26, '2025-05-09 20:45:00');
INSERT INTO Orders (cart_id, order_date) VALUES (27, '2025-05-11 11:05:00');
INSERT INTO Orders (cart_id, order_date) VALUES (28, '2025-05-12 14:30:00');


------------------------------------------------------------
-- ORDERS (Cart 29-32)
------------------------------------------------------------
INSERT INTO Orders (cart_id, order_date) VALUES (29, '2025-06-01 10:12:00');
INSERT INTO Orders (cart_id, order_date) VALUES (30, '2025-06-05 12:50:00');
INSERT INTO Orders (cart_id, order_date) VALUES (31, '2025-06-10 18:40:00');
INSERT INTO Orders (cart_id, order_date) VALUES (32, '2025-06-16 21:00:00');


------------------------------------------------------------
-- ORDERS (Cart 33-38)
------------------------------------------------------------
INSERT INTO Orders (cart_id, order_date) VALUES (33, '2025-08-15 09:35:00');
INSERT INTO Orders (cart_id, order_date) VALUES (34, '2025-08-20 14:35:00');
INSERT INTO Orders (cart_id, order_date) VALUES (35, '2025-08-25 19:10:00');
INSERT INTO Orders (cart_id, order_date) VALUES (36, '2025-08-30 11:25:00');
INSERT INTO Orders (cart_id, order_date) VALUES (37, '2025-09-03 16:40:00');
INSERT INTO Orders (cart_id, order_date) VALUES (38, '2025-09-05 20:50:00');


------------------------------------------------------------
-- ORDERS (Cart 39-46)
------------------------------------------------------------
INSERT INTO Orders (cart_id, order_date) VALUES (39, '2025-11-24 09:30:00');
INSERT INTO Orders (cart_id, order_date) VALUES (40, '2025-11-24 14:10:00');
INSERT INTO Orders (cart_id, order_date) VALUES (41, '2025-11-25 19:00:00');
INSERT INTO Orders (cart_id, order_date) VALUES (42, '2025-11-26 11:40:00');
INSERT INTO Orders (cart_id, order_date) VALUES (43, '2025-11-27 16:55:00');
INSERT INTO Orders (cart_id, order_date) VALUES (44, '2025-11-28 20:50:00');
INSERT INTO Orders (cart_id, order_date) VALUES (45, '2025-11-29 13:10:00');
INSERT INTO Orders (cart_id, order_date) VALUES (46, '2025-11-30 20:30:00');


------------------------------------------------------------
-- ORDERS (Cart 47-50)
------------------------------------------------------------
INSERT INTO Orders (cart_id, order_date) VALUES (47, '2025-12-01 10:20:00');
INSERT INTO Orders (cart_id, order_date) VALUES (48, '2025-12-10 15:05:00');
INSERT INTO Orders (cart_id, order_date) VALUES (49, '2025-12-20 18:50:00');
INSERT INTO Orders (cart_id, order_date) VALUES (50, '2025-12-31 21:40:00');


------------------------------------------------------------
-- ORDERS (Cart 51-65)
------------------------------------------------------------
INSERT INTO Orders (cart_id, order_date) VALUES (51, '2025-12-02 10:20:00');
INSERT INTO Orders (cart_id, order_date) VALUES (52, '2025-12-04 14:30:00');
INSERT INTO Orders (cart_id, order_date) VALUES (53, '2025-12-08 19:05:00');

INSERT INTO Orders (cart_id, order_date) VALUES (54, '2025-11-24 09:45:00');
INSERT INTO Orders (cart_id, order_date) VALUES (55, '2025-11-26 16:40:00');
INSERT INTO Orders (cart_id, order_date) VALUES (56, '2025-11-29 12:25:00');

INSERT INTO Orders (cart_id, order_date) VALUES (57, '2025-03-01 10:40:00');
INSERT INTO Orders (cart_id, order_date) VALUES (58, '2025-03-03 14:05:00');
INSERT INTO Orders (cart_id, order_date) VALUES (59, '2025-03-06 19:40:00');

INSERT INTO Orders (cart_id, order_date) VALUES (60, '2025-05-02 11:50:00');
INSERT INTO Orders (cart_id, order_date) VALUES (61, '2025-05-05 15:40:00');

INSERT INTO Orders (cart_id, order_date) VALUES (62, '2025-06-01 09:40:00');
INSERT INTO Orders (cart_id, order_date) VALUES (63, '2025-06-10 18:30:00');

INSERT INTO Orders (cart_id, order_date) VALUES (64, '2025-04-22 13:05:00');
INSERT INTO Orders (cart_id, order_date) VALUES (65, '2025-08-20 14:40:00');


------------------------------------------------------------
-- ORDERS (Cart 66-80)
------------------------------------------------------------
INSERT INTO Orders (cart_id, order_date) VALUES (66, '2025-01-03 10:35:00');
INSERT INTO Orders (cart_id, order_date) VALUES (67, '2025-01-07 14:30:00');
INSERT INTO Orders (cart_id, order_date) VALUES (68, '2025-01-12 20:05:00');

INSERT INTO Orders (cart_id, order_date) VALUES (69, '2025-03-01 11:45:00');
INSERT INTO Orders (cart_id, order_date) VALUES (70, '2025-03-04 17:05:00');
INSERT INTO Orders (cart_id, order_date) VALUES (71, '2025-03-08 12:40:00');

INSERT INTO Orders (cart_id, order_date) VALUES (72, '2025-04-26 13:55:00');

INSERT INTO Orders (cart_id, order_date) VALUES (73, '2025-05-03 10:55:00');
INSERT INTO Orders (cart_id, order_date) VALUES (74, '2025-05-11 18:45:00');

INSERT INTO Orders (cart_id, order_date) VALUES (75, '2025-06-05 10:25:00');

INSERT INTO Orders (cart_id, order_date) VALUES (76, '2025-08-28 15:45:00');

INSERT INTO Orders (cart_id, order_date) VALUES (77, '2025-11-24 10:30:00');
INSERT INTO Orders (cart_id, order_date) VALUES (78, '2025-11-27 15:15:00');
INSERT INTO Orders (cart_id, order_date) VALUES (79, '2025-11-30 20:40:00');

INSERT INTO Orders (cart_id, order_date) VALUES (80, '2025-12-18 13:05:00');


------------------------------------------------------------
-- ORDERS (Cart 81-90)
------------------------------------------------------------
INSERT INTO Orders (cart_id, order_date) VALUES (81, '2025-10-02 10:25:00');
INSERT INTO Orders (cart_id, order_date) VALUES (82, '2025-10-03 14:35:00');
INSERT INTO Orders (cart_id, order_date) VALUES (83, '2025-10-04 10:05:00');
INSERT INTO Orders (cart_id, order_date) VALUES (84, '2025-10-06 18:45:00');
INSERT INTO Orders (cart_id, order_date) VALUES (85, '2025-10-08 12:20:00');
INSERT INTO Orders (cart_id, order_date) VALUES (86, '2025-10-10 21:10:00');
INSERT INTO Orders (cart_id, order_date) VALUES (87, '2025-10-12 16:45:00');
INSERT INTO Orders (cart_id, order_date) VALUES (88, '2025-10-13 13:05:00');
INSERT INTO Orders (cart_id, order_date) VALUES (89, '2025-10-15 10:20:00');
INSERT INTO Orders (cart_id, order_date) VALUES (90, '2025-10-18 19:40:00');


------------------------------------------------------------
-- ORDERS (Cart 91-110)
------------------------------------------------------------
INSERT INTO Orders (cart_id, order_date) VALUES (91,  '2025-10-19 10:40:00');
INSERT INTO Orders (cart_id, order_date) VALUES (92,  '2025-10-20 14:10:00');
INSERT INTO Orders (cart_id, order_date) VALUES (93,  '2025-10-21 09:35:00');
INSERT INTO Orders (cart_id, order_date) VALUES (94,  '2025-10-22 18:55:00');
INSERT INTO Orders (cart_id, order_date) VALUES (95,  '2025-10-23 11:55:00');






INSERT INTO Order_Item (order_id, product_id, quantity, unit_price, unit_discount, discount_id)
SELECT
    o.order_id,
    ci.product_id,
    ci.quantity,
    p.unit_price,

    -- unit_discount (sipariş tarihindeki indirim)
    CAST(
        CASE
            WHEN d.discount_id IS NULL THEN 0

            WHEN d.discount_type = 'percentage' THEN
                CASE
                    WHEN ROUND(p.unit_price * (d.discount_value / 100.0), 2) > p.unit_price
                        THEN p.unit_price
                    ELSE ROUND(p.unit_price * (d.discount_value / 100.0), 2)
                END

            WHEN d.discount_type = 'amount' THEN
                CASE
                    WHEN d.discount_value > p.unit_price
                        THEN p.unit_price
                    ELSE ROUND(d.discount_value, 2)
                END

            ELSE 0
        END
    AS DECIMAL(10,2)) AS unit_discount,

    d.discount_id
FROM Orders o
JOIN Cart_Item ci
    ON ci.cart_id = o.cart_id
JOIN Products p
    ON p.product_id = ci.product_id
OUTER APPLY (
    -- aynı ürün için birden fazla discount varsa, order_date tarihinde geçerli olanlardan EN AVANTAJLISINI seç
    SELECT TOP (1) d.*
    FROM Discount d
    WHERE d.product_id = ci.product_id
      AND CAST(o.order_date AS DATE) BETWEEN d.start_date AND d.end_date
    ORDER BY
      CASE
        WHEN d.discount_type = 'percentage' THEN ROUND(p.unit_price * (d.discount_value / 100.0), 2)
        WHEN d.discount_type = 'amount' THEN ROUND(d.discount_value, 2)
        ELSE 0
      END DESC,
      d.discount_id DESC
) d
WHERE o.order_id BETWEEN 1 AND 95
  AND NOT EXISTS (
      SELECT 1
      FROM Order_Item oi
      WHERE oi.order_id = o.order_id
        AND oi.product_id = ci.product_id
  );






------------------------------------------------------------
-- SHIPMENT (Orders 1-6) | Order_status ile tutarlı
-- delivered  -> Delivered + shipped_date & delivered_date dolu
-- shipped    -> Shipped/In Transit + shipped_date dolu
-- paid       -> Preparing (henüz kargoya verilmedi) + tracking NULL olabilir
-- created    -> Preparing + shipped/delivered NULL + tracking NULL
------------------------------------------------------------

-- Order 1: Delivered
INSERT INTO Shipment (order_id, tracking_number, shipping_cost, in_transit_date, delivered_date, status)
VALUES (1, 'TRK-20250102-0001', 29.90, '2025-01-02 12:10:00', '2025-01-03 15:40:00', 'Delivered');

-- Order 2: Preparing (not in transit yet)
INSERT INTO Shipment (order_id, tracking_number, shipping_cost, in_transit_date, delivered_date, status)
VALUES (2, NULL, 24.90, NULL, NULL, 'Preparing');

-- Order 3: In Transit
INSERT INTO Shipment (order_id, tracking_number, shipping_cost, in_transit_date, delivered_date, status)
VALUES (3, 'TRK-20250105-0003', 19.90, '2025-01-05 14:20:00', NULL, 'In Transit');

-- Order 4: Preparing (no tracking yet)
INSERT INTO Shipment (order_id, tracking_number, shipping_cost, in_transit_date, delivered_date, status)
VALUES (4, NULL, 19.90, NULL, NULL, 'Preparing');

-- Order 5: Delivered
INSERT INTO Shipment (order_id, tracking_number, shipping_cost, in_transit_date, delivered_date, status)
VALUES (5, 'TRK-20250112-0005', 34.90, '2025-01-12 16:05:00', '2025-01-14 11:20:00', 'Delivered');

-- Order 6: Preparing (not in transit yet)
INSERT INTO Shipment (order_id, tracking_number, shipping_cost, in_transit_date, delivered_date, status)
VALUES (6, NULL, 24.90, NULL, NULL, 'Preparing');


------------------------------------------------------------
-- REVIEW (sadece "delivered" siparişlerdeki ürünlere)
-- Order 1: buyer_id=1  ürünler: 66,12,23  (delivered: 2025-01-03)
-- Order 5: buyer_id=5  ürünler: 16,405   (delivered: 2025-01-14)
------------------------------------------------------------

-- Buyer 1 reviews (Order 1)
INSERT INTO Review (review_date, rating, buyer_id, product_id)
VALUES ('2025-01-05 12:10:00', 5, 1, 66);

INSERT INTO Review (review_date, rating, buyer_id, product_id)
VALUES ('2025-01-06 18:22:00', 4, 1, 12);

INSERT INTO Review (review_date, rating, buyer_id, product_id)
VALUES ('2025-01-06 18:25:00', 3, 1, 23);

-- Buyer 5 reviews (Order 5)
INSERT INTO Review (review_date, rating, buyer_id, product_id)
VALUES ('2025-01-16 14:05:00', 5, 5, 16);

INSERT INTO Review (review_date, rating, buyer_id, product_id)
VALUES ('2025-01-17 10:40:00', 4, 5, 405);





------------------------------------------------------------
-- SHIPMENT (Cart 7-14)  [status: Preparing / In Transit / Delivered]
-- in_transit_date: kargoya verildiği an gibi düşün
------------------------------------------------------------

-- Cart 7 -> Preparing
INSERT INTO Shipment (order_id, tracking_number, shipping_cost, in_transit_date, delivered_date, status)
SELECT o.order_id, NULL, 19.90, NULL, NULL, 'Preparing'
FROM Orders o WHERE o.cart_id = 7;

-- Cart 8 -> In Transit
INSERT INTO Shipment (order_id, tracking_number, shipping_cost, in_transit_date, delivered_date, status)
SELECT o.order_id, 'TRK-20250302-0008', 24.90, '2025-03-02 16:10:00', NULL, 'In Transit'
FROM Orders o WHERE o.cart_id = 8;

-- Cart 9 -> Delivered
INSERT INTO Shipment (order_id, tracking_number, shipping_cost, in_transit_date, delivered_date, status)
SELECT o.order_id, 'TRK-20250303-0009', 19.90, '2025-03-03 12:30:00', '2025-03-04 15:20:00', 'Delivered'
FROM Orders o WHERE o.cart_id = 9;

-- Cart 10 -> Preparing
INSERT INTO Shipment (order_id, tracking_number, shipping_cost, in_transit_date, delivered_date, status)
SELECT o.order_id, NULL, 29.90, NULL, NULL, 'Preparing'
FROM Orders o WHERE o.cart_id = 10;

-- Cart 11 -> In Transit
INSERT INTO Shipment (order_id, tracking_number, shipping_cost, in_transit_date, delivered_date, status)
SELECT o.order_id, 'TRK-20250305-0011', 24.90, '2025-03-05 15:00:00', NULL, 'In Transit'
FROM Orders o WHERE o.cart_id = 11;

-- Cart 12 -> Delivered
INSERT INTO Shipment (order_id, tracking_number, shipping_cost, in_transit_date, delivered_date, status)
SELECT o.order_id, 'TRK-20250306-0012', 34.90, '2025-03-06 19:10:00', '2025-03-08 11:40:00', 'Delivered'
FROM Orders o WHERE o.cart_id = 12;

-- Cart 13 -> Preparing
INSERT INTO Shipment (order_id, tracking_number, shipping_cost, in_transit_date, delivered_date, status)
SELECT o.order_id, NULL, 19.90, NULL, NULL, 'Preparing'
FROM Orders o WHERE o.cart_id = 13;

-- Cart 14 -> In Transit
INSERT INTO Shipment (order_id, tracking_number, shipping_cost, in_transit_date, delivered_date, status)
SELECT o.order_id, 'TRK-20250308-0014', 24.90, '2025-03-08 15:30:00', NULL, 'In Transit'
FROM Orders o WHERE o.cart_id = 14;






------------------------------------------------------------
-- SHIPMENT (Cart 15-20)
-- paid     -> Preparing
-- shipped  -> In Transit
-- delivered-> Delivered
-- created  -> Preparing (tracking NULL olabilir)
------------------------------------------------------------

-- Cart 15 -> Preparing
INSERT INTO Shipment (order_id, tracking_number, shipping_cost, in_transit_date, delivered_date, status)
SELECT o.order_id, NULL, 19.90, NULL, NULL, 'Preparing'
FROM Orders o WHERE o.cart_id = 15;

-- Cart 16 -> In Transit
INSERT INTO Shipment (order_id, tracking_number, shipping_cost, in_transit_date, delivered_date, status)
SELECT o.order_id, 'TRK20250422-0016', 24.90, '2025-04-22 14:50:00', NULL, 'In Transit'
FROM Orders o WHERE o.cart_id = 16;

-- Cart 17 -> Delivered
INSERT INTO Shipment (order_id, tracking_number, shipping_cost, in_transit_date, delivered_date, status)
SELECT o.order_id, 'TRK20250424-0017', 19.90, '2025-04-24 10:05:00', '2025-04-24 16:30:00', 'Delivered'
FROM Orders o WHERE o.cart_id = 17;

-- Cart 18 -> Preparing
INSERT INTO Shipment (order_id, tracking_number, shipping_cost, in_transit_date, delivered_date, status)
SELECT o.order_id, NULL, 14.90, NULL, NULL, 'Preparing'
FROM Orders o WHERE o.cart_id = 18;

-- Cart 19 -> Preparing (no tracking yet)
INSERT INTO Shipment (order_id, tracking_number, shipping_cost, in_transit_date, delivered_date, status)
SELECT o.order_id, NULL, 0.00, NULL, NULL, 'Preparing'
FROM Orders o WHERE o.cart_id = 19;

-- Cart 20 -> Preparing
INSERT INTO Shipment (order_id, tracking_number, shipping_cost, in_transit_date, delivered_date, status)
SELECT o.order_id, NULL, 19.90, NULL, NULL, 'Preparing'
FROM Orders o WHERE o.cart_id = 20;


------------------------------------------------------------
-- REVIEW inserts (Cart 15-20)
-- Gerçekçilik: sadece DELIVERED olan Cart 17 için review
-- (Cart 15=paid, 16=shipped, 18=paid, 19=created, 20=paid -> review yok)
------------------------------------------------------------

-- Cart 17 buyer_id = 17, delivered: 2025-04-24 09:18:00
-- Ürün 621
INSERT INTO Review (review_date, rating, buyer_id, product_id)
VALUES ('2025-04-24 19:05:00', 5, 17, 621);

-- Ürün 29
INSERT INTO Review (review_date, rating, buyer_id, product_id)
VALUES ('2025-04-25 11:20:00', 4, 17, 29);





------------------------------------------------------------
-- SHIPMENT (Cart 21-28)
-- paid     -> Preparing
-- shipped  -> In Transit
-- delivered-> Delivered
-- created  -> Preparing (tracking NULL olabilir)
------------------------------------------------------------

-- Cart 21 -> Preparing
INSERT INTO Shipment (order_id, tracking_number, shipping_cost, in_transit_date, delivered_date, status)
SELECT o.order_id, NULL, 19.90, NULL, NULL, 'Preparing'
FROM Orders o WHERE o.cart_id = 21;

-- Cart 22 -> In Transit
INSERT INTO Shipment (order_id, tracking_number, shipping_cost, in_transit_date, delivered_date, status)
SELECT o.order_id, 'TRK20250502-0022', 24.90, '2025-05-02 14:10:00', NULL, 'In Transit'
FROM Orders o WHERE o.cart_id = 22;

-- Cart 23 -> Delivered
INSERT INTO Shipment (order_id, tracking_number, shipping_cost, in_transit_date, delivered_date, status)
SELECT o.order_id, 'TRK20250503-0023', 19.90, '2025-05-03 19:05:00', '2025-05-03 21:10:00', 'Delivered'
FROM Orders o WHERE o.cart_id = 23;

-- Cart 24 -> Preparing
INSERT INTO Shipment (order_id, tracking_number, shipping_cost, in_transit_date, delivered_date, status)
SELECT o.order_id, NULL, 14.90, NULL, NULL, 'Preparing'
FROM Orders o WHERE o.cart_id = 24;

-- Cart 25 -> Preparing (no tracking yet)
INSERT INTO Shipment (order_id, tracking_number, shipping_cost, in_transit_date, delivered_date, status)
SELECT o.order_id, NULL, 0.00, NULL, NULL, 'Preparing'
FROM Orders o WHERE o.cart_id = 25;

-- Cart 26 -> Preparing
INSERT INTO Shipment (order_id, tracking_number, shipping_cost, in_transit_date, delivered_date, status)
SELECT o.order_id, NULL, 19.90, NULL, NULL, 'Preparing'
FROM Orders o WHERE o.cart_id = 26;

-- Cart 27 -> In Transit
INSERT INTO Shipment (order_id, tracking_number, shipping_cost, in_transit_date, delivered_date, status)
SELECT o.order_id, 'TRK20250511-0027', 19.90, '2025-05-11 11:20:00', NULL, 'In Transit'
FROM Orders o WHERE o.cart_id = 27;

-- Cart 28 -> Preparing
INSERT INTO Shipment (order_id, tracking_number, shipping_cost, in_transit_date, delivered_date, status)
SELECT o.order_id, NULL, 19.90, NULL, NULL, 'Preparing'
FROM Orders o WHERE o.cart_id = 28;

------------------------------------------------------------
-- REVIEW (Cart 21-28 içinde review yazılabilen: sadece Cart 23)
-- (teslimattan sonra olacak şekilde tarih verdim)
------------------------------------------------------------

-- Buyer 23, Product 42
INSERT INTO Review (review_date, rating, buyer_id, product_id)
VALUES ('2025-05-05 10:15:00', 5, 23, 42);

-- Buyer 23, Product 4
INSERT INTO Review (review_date, rating, buyer_id, product_id)
VALUES ('2025-05-05 10:18:00', 4, 23, 4);




------------------------------------------------------------
-- SHIPMENT (Cart 29-32)
-- paid     -> Preparing
-- shipped  -> In Transit
-- delivered-> Delivered
-- created  -> Preparing (tracking NULL olabilir)
------------------------------------------------------------
-- Cart 29 -> Preparing
INSERT INTO Shipment (order_id, tracking_number, shipping_cost, in_transit_date, delivered_date, status)
SELECT o.order_id, NULL, 19.90, NULL, NULL, 'Preparing'
FROM Orders o WHERE o.cart_id = 29;

-- Cart 30 -> In Transit
INSERT INTO Shipment (order_id, tracking_number, shipping_cost, in_transit_date, delivered_date, status)
SELECT o.order_id, 'TRK20250605-0030', 24.90, '2025-06-05 13:10:00', NULL, 'In Transit'
FROM Orders o WHERE o.cart_id = 30;

-- Cart 31 -> Preparing (no tracking yet)
INSERT INTO Shipment (order_id, tracking_number, shipping_cost, in_transit_date, delivered_date, status)
SELECT o.order_id, NULL, 0.00, NULL, NULL, 'Preparing'
FROM Orders o WHERE o.cart_id = 31;

-- Cart 32 -> Preparing
INSERT INTO Shipment (order_id, tracking_number, shipping_cost, in_transit_date, delivered_date, status)
SELECT o.order_id, NULL, 19.90, NULL, NULL, 'Preparing'
FROM Orders o WHERE o.cart_id = 32;





------------------------------------------------------------
-- SHIPMENT (Orders for Cart 33-38)
-- status, shipped_date, delivered_date order_status ile uyumlu
------------------------------------------------------------

-- Cart 33 -> Preparing (not in transit yet)
INSERT INTO Shipment (order_id, tracking_number, shipping_cost, in_transit_date, delivered_date, status)
SELECT o.order_id, NULL, 39.90, NULL, NULL, 'Preparing'
FROM Orders o WHERE o.cart_id = 33;

-- Cart 34 -> Preparing
INSERT INTO Shipment (order_id, tracking_number, shipping_cost, in_transit_date, delivered_date, status)
SELECT o.order_id, NULL, 29.90, NULL, NULL, 'Preparing'
FROM Orders o WHERE o.cart_id = 34;

-- Cart 35 -> In Transit (not delivered yet)
INSERT INTO Shipment (order_id, tracking_number, shipping_cost, in_transit_date, delivered_date, status)
SELECT o.order_id, 'TRK-20250825-0035', 34.90, '2025-08-25 19:25:00', NULL, 'In Transit'
FROM Orders o WHERE o.cart_id = 35;

-- Cart 36 -> Preparing
INSERT INTO Shipment (order_id, tracking_number, shipping_cost, in_transit_date, delivered_date, status)
SELECT o.order_id, NULL, 24.90, NULL, NULL, 'Preparing'
FROM Orders o WHERE o.cart_id = 36;

-- Cart 37 -> Delivered
INSERT INTO Shipment (order_id, tracking_number, shipping_cost, in_transit_date, delivered_date, status)
SELECT o.order_id, 'TRK-20250903-0037', 44.90, '2025-09-03 16:50:00', '2025-09-05 11:20:00', 'Delivered'
FROM Orders o WHERE o.cart_id = 37;

-- Cart 38 -> Preparing
INSERT INTO Shipment (order_id, tracking_number, shipping_cost, in_transit_date, delivered_date, status)
SELECT o.order_id, NULL, 29.90, NULL, NULL, 'Preparing'
FROM Orders o WHERE o.cart_id = 38;


-- Cart 37 delivered -> ürünleri: 468, 470
INSERT INTO Review (review_date, rating, buyer_id, product_id)
VALUES ('2025-09-06 10:15:00', 5, 37, 468);

INSERT INTO Review (review_date, rating, buyer_id, product_id)
VALUES ('2025-09-06 10:18:00', 4, 37, 470);






-- Cart 39 -> Preparing
INSERT INTO Shipment (order_id, tracking_number, shipping_cost, in_transit_date, delivered_date, status)
SELECT o.order_id, NULL, 34.90, NULL, NULL, 'Preparing'
FROM Orders o WHERE o.cart_id = 39;

-- Cart 40 -> In Transit
INSERT INTO Shipment (order_id, tracking_number, shipping_cost, in_transit_date, delivered_date, status)
SELECT o.order_id, 'TRK-20251124-0040', 39.90, '2025-11-24 14:35:00', NULL, 'In Transit'
FROM Orders o WHERE o.cart_id = 40;

-- Cart 41 -> Delivered
INSERT INTO Shipment (order_id, tracking_number, shipping_cost, in_transit_date, delivered_date, status)
SELECT o.order_id, 'TRK-20251125-0041', 44.90, '2025-11-25 19:20:00', '2025-11-27 12:10:00', 'Delivered'
FROM Orders o WHERE o.cart_id = 41;

-- Cart 42 -> Preparing
INSERT INTO Shipment (order_id, tracking_number, shipping_cost, in_transit_date, delivered_date, status)
SELECT o.order_id, NULL, 29.90, NULL, NULL, 'Preparing'
FROM Orders o WHERE o.cart_id = 42;

-- Cart 43 -> Preparing
INSERT INTO Shipment (order_id, tracking_number, shipping_cost, in_transit_date, delivered_date, status)
SELECT o.order_id, NULL, 24.90, NULL, NULL, 'Preparing'
FROM Orders o WHERE o.cart_id = 43;

-- Cart 44 -> Preparing
INSERT INTO Shipment (order_id, tracking_number, shipping_cost, in_transit_date, delivered_date, status)
SELECT o.order_id, NULL, 39.90, NULL, NULL, 'Preparing'
FROM Orders o WHERE o.cart_id = 44;

-- Cart 45 -> In Transit
INSERT INTO Shipment (order_id, tracking_number, shipping_cost, in_transit_date, delivered_date, status)
SELECT o.order_id, 'TRK-20251129-0045', 34.90, '2025-11-29 13:35:00', NULL, 'In Transit'
FROM Orders o WHERE o.cart_id = 45;

-- Cart 46 -> Preparing
INSERT INTO Shipment (order_id, tracking_number, shipping_cost, in_transit_date, delivered_date, status)
SELECT o.order_id, NULL, 29.90, NULL, NULL, 'Preparing'
FROM Orders o WHERE o.cart_id = 46;


-- Ürün 81
INSERT INTO Review (review_date, rating, buyer_id, product_id)
VALUES ('2025-11-28 10:15:00', 5, 1, 81);

-- Ürün 30
INSERT INTO Review (review_date, rating, buyer_id, product_id)
VALUES ('2025-11-28 10:18:00', 4, 1, 30);

-- Ürün 29
INSERT INTO Review (review_date, rating, buyer_id, product_id)
VALUES ('2025-11-28 10:22:00', 4, 1, 29);





--- Cart 47 -> Preparing
INSERT INTO Shipment (order_id, tracking_number, shipping_cost, in_transit_date, delivered_date, status)
SELECT o.order_id, NULL, 29.90, NULL, NULL, 'Preparing'
FROM Orders o WHERE o.cart_id = 47;

-- Cart 48 -> In Transit
INSERT INTO Shipment (order_id, tracking_number, shipping_cost, in_transit_date, delivered_date, status)
SELECT o.order_id, 'TRK-20251210-0048', 34.90, '2025-12-10 15:25:00', NULL, 'In Transit'
FROM Orders o WHERE o.cart_id = 48;

-- Cart 49 -> Preparing
INSERT INTO Shipment (order_id, tracking_number, shipping_cost, in_transit_date, delivered_date, status)
SELECT o.order_id, NULL, 24.90, NULL, NULL, 'Preparing'
FROM Orders o WHERE o.cart_id = 49;

-- Cart 50 -> Delivered
INSERT INTO Shipment (order_id, tracking_number, shipping_cost, in_transit_date, delivered_date, status)
SELECT o.order_id, 'TRK-20251231-0050', 39.90, '2025-12-31 22:05:00', '2026-01-02 14:20:00', 'Delivered'
FROM Orders o WHERE o.cart_id = 50;



INSERT INTO Review (review_date, rating, buyer_id, product_id)
VALUES ('2026-01-03 11:10:00', 5, 10, 488);

INSERT INTO Review (review_date, rating, buyer_id, product_id)
VALUES ('2026-01-03 11:12:00', 4, 10, 26);



-- Cart 51 -> Preparing
INSERT INTO Shipment (order_id, tracking_number, shipping_cost, in_transit_date, delivered_date, status)
SELECT o.order_id, NULL, 29.90, NULL, NULL, 'Preparing'
FROM Orders o WHERE o.cart_id = 51;

-- Cart 52 -> In Transit
INSERT INTO Shipment (order_id, tracking_number, shipping_cost, in_transit_date, delivered_date, status)
SELECT o.order_id, 'TRK-20251204-0052', 34.90, '2025-12-04 15:05:00', NULL, 'In Transit'
FROM Orders o WHERE o.cart_id = 52;

-- Cart 53 -> Delivered
INSERT INTO Shipment (order_id, tracking_number, shipping_cost, in_transit_date, delivered_date, status)
SELECT o.order_id, 'TRK-20251208-0053', 24.90, '2025-12-08 19:30:00', '2025-12-10 14:10:00', 'Delivered'
FROM Orders o WHERE o.cart_id = 53;


-- Cart 54 -> Preparing
INSERT INTO Shipment (order_id, tracking_number, shipping_cost, in_transit_date, delivered_date, status)
SELECT o.order_id, NULL, 19.90, NULL, NULL, 'Preparing'
FROM Orders o WHERE o.cart_id = 54;

-- Cart 55 -> Preparing
INSERT INTO Shipment (order_id, tracking_number, shipping_cost, in_transit_date, delivered_date, status)
SELECT o.order_id, NULL, 24.90, NULL, NULL, 'Preparing'
FROM Orders o WHERE o.cart_id = 55;

-- Cart 56 -> Delivered
INSERT INTO Shipment (order_id, tracking_number, shipping_cost, in_transit_date, delivered_date, status)
SELECT o.order_id, 'TRK-20251129-0056', 29.90, '2025-11-29 12:50:00', '2025-12-01 16:05:00', 'Delivered'
FROM Orders o WHERE o.cart_id = 56;


-- Cart 57 -> Preparing
INSERT INTO Shipment (order_id, tracking_number, shipping_cost, in_transit_date, delivered_date, status)
SELECT o.order_id, NULL, 24.90, NULL, NULL, 'Preparing'
FROM Orders o WHERE o.cart_id = 57;

-- Cart 58 -> In Transit
INSERT INTO Shipment (order_id, tracking_number, shipping_cost, in_transit_date, delivered_date, status)
SELECT o.order_id, 'TRK-20250303-0058', 34.90, '2025-03-03 14:25:00', NULL, 'In Transit'
FROM Orders o WHERE o.cart_id = 58;

-- Cart 59 -> Delivered
INSERT INTO Shipment (order_id, tracking_number, shipping_cost, in_transit_date, delivered_date, status)
SELECT o.order_id, 'TRK-20250306-0059', 29.90, '2025-03-06 20:05:00', '2025-03-08 13:40:00', 'Delivered'
FROM Orders o WHERE o.cart_id = 59;


-- Cart 60 -> Preparing
INSERT INTO Shipment (order_id, tracking_number, shipping_cost, in_transit_date, delivered_date, status)
SELECT o.order_id, NULL, 19.90, NULL, NULL, 'Preparing'
FROM Orders o WHERE o.cart_id = 60;

-- Cart 61 -> Preparing
INSERT INTO Shipment (order_id, tracking_number, shipping_cost, in_transit_date, delivered_date, status)
SELECT o.order_id, NULL, 24.90, NULL, NULL, 'Preparing'
FROM Orders o WHERE o.cart_id = 61;


-- Cart 62 -> In Transit
INSERT INTO Shipment (order_id, tracking_number, shipping_cost, in_transit_date, delivered_date, status)
SELECT o.order_id, 'TRK-20250601-0062', 29.90, '2025-06-01 10:05:00', NULL, 'In Transit'
FROM Orders o WHERE o.cart_id = 62;

-- Cart 63 -> Preparing
INSERT INTO Shipment (order_id, tracking_number, shipping_cost, in_transit_date, delivered_date, status)
SELECT o.order_id, NULL, 24.90, NULL, NULL, 'Preparing'
FROM Orders o WHERE o.cart_id = 63;


-- Cart 64 -> Delivered
INSERT INTO Shipment (order_id, tracking_number, shipping_cost, in_transit_date, delivered_date, status)
SELECT o.order_id, 'TRK-20250422-0064', 39.90, '2025-04-22 13:40:00', '2025-04-24 15:20:00', 'Delivered'
FROM Orders o WHERE o.cart_id = 64;

-- Cart 65 -> Preparing
INSERT INTO Shipment (order_id, tracking_number, shipping_cost, in_transit_date, delivered_date, status)
SELECT o.order_id, NULL, 29.90, NULL, NULL, 'Preparing'
FROM Orders o WHERE o.cart_id = 65;



INSERT INTO Review (review_date, rating, buyer_id, product_id)
VALUES ('2025-12-12 13:20:00', 5, 13, 474);

INSERT INTO Review (review_date, rating, buyer_id, product_id)
VALUES ('2025-12-12 13:24:00', 4, 13, 636);


-- Cart 56 delivered (2025-11-29) -> products: 22, 170
INSERT INTO Review (review_date, rating, buyer_id, product_id)
VALUES ('2025-12-02 10:05:00', 4, 16, 22);

INSERT INTO Review (review_date, rating, buyer_id, product_id)
VALUES ('2025-12-02 10:09:00', 5, 16, 170);


-- Cart 59 delivered (2025-03-06) -> products: 65, 626
INSERT INTO Review (review_date, rating, buyer_id, product_id)
VALUES ('2025-03-10 18:40:00', 4, 19, 65);

INSERT INTO Review (review_date, rating, buyer_id, product_id)
VALUES ('2025-03-10 18:44:00', 5, 19, 626);


-- Cart 64 delivered (2025-04-22) -> products: 619, 620, 623, 624
-- (çok şişmesin diye 2 ürüne review yazdım)
INSERT INTO Review (review_date, rating, buyer_id, product_id)
VALUES ('2025-04-26 12:15:00', 5, 24, 619);

INSERT INTO Review (review_date, rating, buyer_id, product_id)
VALUES ('2025-04-26 12:18:00', 4, 24, 623);




-- Cart 66 -> Preparing
INSERT INTO Shipment (order_id, tracking_number, shipping_cost, in_transit_date, delivered_date, status)
SELECT o.order_id, NULL, 24.90, NULL, NULL, 'Preparing'
FROM Orders o WHERE o.cart_id = 66;

-- Cart 67 -> In Transit
INSERT INTO Shipment (order_id, tracking_number, shipping_cost, in_transit_date, delivered_date, status)
SELECT o.order_id, 'TRK-20250107-0067', 34.90, '2025-01-07 15:10:00', NULL, 'In Transit'
FROM Orders o WHERE o.cart_id = 67;

-- Cart 68 -> Delivered
INSERT INTO Shipment (order_id, tracking_number, shipping_cost, in_transit_date, delivered_date, status)
SELECT o.order_id, 'TRK-20250112-0068', 29.90, '2025-01-12 20:40:00', '2025-01-14 16:25:00', 'Delivered'
FROM Orders o WHERE o.cart_id = 68;


-- Cart 69 -> Preparing
INSERT INTO Shipment (order_id, tracking_number, shipping_cost, in_transit_date, delivered_date, status)
SELECT o.order_id, NULL, 19.90, NULL, NULL, 'Preparing'
FROM Orders o WHERE o.cart_id = 69;

-- Cart 70 -> Preparing
INSERT INTO Shipment (order_id, tracking_number, shipping_cost, in_transit_date, delivered_date, status)
SELECT o.order_id, NULL, 24.90, NULL, NULL, 'Preparing'
FROM Orders o WHERE o.cart_id = 70;

-- Cart 71 -> Delivered
INSERT INTO Shipment (order_id, tracking_number, shipping_cost, in_transit_date, delivered_date, status)
SELECT o.order_id, 'TRK-20250308-0071', 29.90, '2025-03-08 13:05:00', '2025-03-10 15:40:00', 'Delivered'
FROM Orders o WHERE o.cart_id = 71;


-- Cart 72 -> Preparing
INSERT INTO Shipment (order_id, tracking_number, shipping_cost, in_transit_date, delivered_date, status)
SELECT o.order_id, NULL, 39.90, NULL, NULL, 'Preparing'
FROM Orders o WHERE o.cart_id = 72;


-- Cart 73 -> In Transit
INSERT INTO Shipment (order_id, tracking_number, shipping_cost, in_transit_date, delivered_date, status)
SELECT o.order_id, 'TRK-20250503-0073', 34.90, '2025-05-03 11:20:00', NULL, 'In Transit'
FROM Orders o WHERE o.cart_id = 73;

-- Cart 74 -> Preparing
INSERT INTO Shipment (order_id, tracking_number, shipping_cost, in_transit_date, delivered_date, status)
SELECT o.order_id, NULL, 24.90, NULL, NULL, 'Preparing'
FROM Orders o WHERE o.cart_id = 74;


-- Cart 75 -> Preparing
INSERT INTO Shipment (order_id, tracking_number, shipping_cost, in_transit_date, delivered_date, status)
SELECT o.order_id, NULL, 29.90, NULL, NULL, 'Preparing'
FROM Orders o WHERE o.cart_id = 75;


-- Cart 76 -> Preparing
INSERT INTO Shipment (order_id, tracking_number, shipping_cost, in_transit_date, delivered_date, status)
SELECT o.order_id, NULL, 29.90, NULL, NULL, 'Preparing'
FROM Orders o WHERE o.cart_id = 76;


-- Cart 77 -> In Transit
INSERT INTO Shipment (order_id, tracking_number, shipping_cost, in_transit_date, delivered_date, status)
SELECT o.order_id, 'TRK-20251124-0077', 34.90, '2025-11-24 11:05:00', NULL, 'In Transit'
FROM Orders o WHERE o.cart_id = 77;

-- Cart 78 -> Preparing
INSERT INTO Shipment (order_id, tracking_number, shipping_cost, in_transit_date, delivered_date, status)
SELECT o.order_id, NULL, 24.90, NULL, NULL, 'Preparing'
FROM Orders o WHERE o.cart_id = 78;

-- Cart 79 -> Delivered
INSERT INTO Shipment (order_id, tracking_number, shipping_cost, in_transit_date, delivered_date, status)
SELECT o.order_id, 'TRK-20251130-0079', 29.90, '2025-11-30 21:10:00', '2025-12-02 14:35:00', 'Delivered'
FROM Orders o WHERE o.cart_id = 79;

-- Cart 80 -> Preparing
INSERT INTO Shipment (order_id, tracking_number, shipping_cost, in_transit_date, delivered_date, status)
SELECT o.order_id, NULL, 24.90, NULL, NULL, 'Preparing'
FROM Orders o WHERE o.cart_id = 80;



-- Cart 68 (Order status: delivered)
INSERT INTO Review (review_date, rating, buyer_id, product_id)
VALUES ('2025-01-15 10:20:00', 5, 28, 402);

INSERT INTO Review (review_date, rating, buyer_id, product_id)
VALUES ('2025-01-15 10:25:00', 4, 28, 404);


-- Cart 71 (Order status: delivered)
INSERT INTO Review (review_date, rating, buyer_id, product_id)
VALUES ('2025-03-11 12:05:00', 5, 1, 626);

INSERT INTO Review (review_date, rating, buyer_id, product_id)
VALUES ('2025-03-11 12:12:00', 4, 1, 65);






-- Cart 81 -> Preparing
INSERT INTO Shipment (order_id, tracking_number, shipping_cost, in_transit_date, delivered_date, status)
SELECT o.order_id, NULL, 24.90, NULL, NULL, 'Preparing'
FROM Orders o WHERE o.cart_id = 81;

-- Cart 82 -> Preparing
INSERT INTO Shipment (order_id, tracking_number, shipping_cost, in_transit_date, delivered_date, status)
SELECT o.order_id, NULL, 19.90, NULL, NULL, 'Preparing'
FROM Orders o WHERE o.cart_id = 82;

-- Cart 83 -> In Transit
INSERT INTO Shipment (order_id, tracking_number, shipping_cost, in_transit_date, delivered_date, status)
SELECT o.order_id, 'TRK-20251004-0083', 29.90, '2025-10-04 10:30:00', NULL, 'In Transit'
FROM Orders o WHERE o.cart_id = 83;

-- Cart 84 -> Preparing
INSERT INTO Shipment (order_id, tracking_number, shipping_cost, in_transit_date, delivered_date, status)
SELECT o.order_id, NULL, 24.90, NULL, NULL, 'Preparing'
FROM Orders o WHERE o.cart_id = 84;

-- Cart 85 -> Preparing
INSERT INTO Shipment (order_id, tracking_number, shipping_cost, in_transit_date, delivered_date, status)
SELECT o.order_id, NULL, 19.90, NULL, NULL, 'Preparing'
FROM Orders o WHERE o.cart_id = 85;

-- Cart 86 -> Delivered
INSERT INTO Shipment (order_id, tracking_number, shipping_cost, in_transit_date, delivered_date, status)
SELECT o.order_id, 'TRK-20251010-0086', 34.90, '2025-10-10 21:25:00', '2025-10-12 16:10:00', 'Delivered'
FROM Orders o WHERE o.cart_id = 86;

-- Cart 87 -> Preparing
INSERT INTO Shipment (order_id, tracking_number, shipping_cost, in_transit_date, delivered_date, status)
SELECT o.order_id, NULL, 24.90, NULL, NULL, 'Preparing'
FROM Orders o WHERE o.cart_id = 87;

-- Cart 88 -> In Transit
INSERT INTO Shipment (order_id, tracking_number, shipping_cost, in_transit_date, delivered_date, status)
SELECT o.order_id, 'TRK-20251013-0088', 29.90, '2025-10-13 13:30:00', NULL, 'In Transit'
FROM Orders o WHERE o.cart_id = 88;

-- Cart 89 -> Preparing
INSERT INTO Shipment (order_id, tracking_number, shipping_cost, in_transit_date, delivered_date, status)
SELECT o.order_id, NULL, 19.90, NULL, NULL, 'Preparing'
FROM Orders o WHERE o.cart_id = 89;

-- Cart 90 -> Preparing
INSERT INTO Shipment (order_id, tracking_number, shipping_cost, in_transit_date, delivered_date, status)
SELECT o.order_id, NULL, 24.90, NULL, NULL, 'Preparing'
FROM Orders o WHERE o.cart_id = 90;

------------------------------------------------------------
-- REVIEW (Cart 81-90)
-- Yorum sadece delivered siparişlere yazıldı: Cart 86
------------------------------------------------------------

INSERT INTO Review (review_date, rating, buyer_id, product_id)
VALUES ('2025-10-14 11:05:00', 5, 16, 7);

INSERT INTO Review (review_date, rating, buyer_id, product_id)
VALUES ('2025-10-14 11:08:00', 4, 16, 16);





------------------------------------------------------------
-- SHIPMENT (Orders for Cart 91-110)
-- created/paid -> Preparing (tracking NULL)
-- shipped      -> In Transit (tracking dolu, shipped_date dolu)
-- delivered    -> Delivered (tracking dolu, shipped_date & delivered_date dolu)
------------------------------------------------------------

-- Cart 91 -> Cancelled (shipping_cost korunuyor)
INSERT INTO Shipment (order_id, tracking_number, shipping_cost, in_transit_date, delivered_date, status)
SELECT o.order_id, NULL, 24.90, NULL, NULL, 'Cancelled'
FROM Orders o
WHERE o.cart_id = 91;

-- Cart 92 -> Cancelled (shipping_cost korunuyor)
INSERT INTO Shipment (order_id, tracking_number, shipping_cost, in_transit_date, delivered_date, status)
SELECT o.order_id, NULL, 19.90, NULL, NULL, 'Cancelled'
FROM Orders o
WHERE o.cart_id = 92;


-- Cart 93 -> Cancelled (kargoya verildikten sonra iptal/geri çağırma)
INSERT INTO Shipment (order_id, tracking_number, shipping_cost, in_transit_date, delivered_date, status)
SELECT o.order_id, 'TRK-20251021-0093', 29.90, '2025-10-21 10:05:00', NULL, 'Cancelled'
FROM Orders o
WHERE o.cart_id = 93;


-- Cart 94 -> Cancelled
INSERT INTO Shipment (order_id, tracking_number, shipping_cost, in_transit_date, delivered_date, status)
SELECT o.order_id, NULL, 24.90, NULL, NULL, 'Cancelled'
FROM Orders o
WHERE o.cart_id = 94;

-- Cart 95 -> Cancelled
INSERT INTO Shipment (order_id, tracking_number, shipping_cost, in_transit_date, delivered_date, status)
SELECT o.order_id, NULL, 19.90, NULL, NULL, 'Cancelled'
FROM Orders o
WHERE o.cart_id = 95;




INSERT INTO Review (review_date, rating, buyer_id, product_id)
VALUES ('2025-10-27 15:05:00', 5, 26, 7);

INSERT INTO Review (review_date, rating, buyer_id, product_id)
VALUES ('2025-10-27 15:12:00', 4, 26, 16);


-- Cart 106 delivered_date = 2025-11-08 13:05:00 (Shipment'ta vermiştik)
INSERT INTO Review (review_date, rating, buyer_id, product_id)
VALUES ('2025-11-08 18:20:00', 4, 6, 7);

INSERT INTO Review (review_date, rating, buyer_id, product_id)
VALUES ('2025-11-08 18:28:00', 5, 6, 16);









INSERT INTO Wishlist (buyer_id, product_id, added_at, removed_at)
VALUES
-- ========== CART 1 (buyer 1) / order: 2025-01-02 10:20 ==========
(1, 66,  '2025-01-02 10:06:00', '2025-01-02 10:20:00'),

(1, 23,  '2025-01-02 10:18:00', '2025-01-02 10:20:00'),
-- extra discounted (New Year Sale)
(1, 67,  '2025-01-02 10:12:00', NULL),

-- ========== CART 2 (buyer 2) / order: 2025-01-03 12:36 ==========
(2, 397, '2025-01-03 12:21:00', '2025-01-03 12:36:00'),

-- extra discounted (New Year Sale)
(2, 398, '2025-01-03 12:30:00', NULL),

-- ========== CART 3 (buyer 3) / order: 2025-01-05 09:58 ==========
(3, 398, '2025-01-05 09:41:00', '2025-01-05 09:58:00'),

-- extra discounted (New Year Sale)
(3, 399, '2025-01-05 09:49:00', NULL),

-- ========== CART 4 (buyer 4) / order: 2025-01-08 16:27 ==========
(4, 67,  '2025-01-08 16:12:00', '2025-01-08 16:27:00'),
(4, 6,   '2025-01-08 16:24:00', '2025-01-08 16:27:00'),
-- extra discounted (New Year Sale)
(4, 66,  '2025-01-08 16:18:00', NULL),

-- ========== CART 5 (buyer 5) / order: 2025-01-12 11:32 ==========
(5, 16,  '2025-01-12 11:16:00', '2025-01-12 11:32:00'),
(5, 405, '2025-01-12 11:28:00', '2025-01-12 11:32:00'),
-- extra discounted (New Year Sale)
(5, 407, '2025-01-12 11:20:00', NULL),

-- ========== CART 6 (buyer 6) / order: 2025-01-14 20:22 ==========
(6, 407, '2025-01-14 20:06:00', '2025-01-14 20:22:00'),

-- extra discounted (New Year Sale)
(6, 397, '2025-01-14 20:12:00', NULL),

-- ========== CART 7 (buyer 7) / order: 2025-03-01 10:18 ==========
(7, 54,  '2025-03-01 10:11:00', '2025-03-01 10:18:00'),
(7, 7,   '2025-03-01 10:15:00', '2025-03-01 10:18:00'),
-- extra discounted (Womens Day)
(7, 55,  '2025-03-01 10:13:00', NULL),

-- ========== CART 8 (buyer 8) / order: 2025-03-02 13:20 ==========
(8, 58,  '2025-03-02 13:06:00', '2025-03-02 13:20:00'),
(8, 5,   '2025-03-02 13:15:00', '2025-03-02 13:20:00'),
-- extra discounted (Womens Day)
(8, 65,  '2025-03-02 13:10:00', NULL),

-- ========== CART 9 (buyer 9) / order: 2025-03-03 09:40 ==========
(9, 62,  '2025-03-03 09:31:00', '2025-03-03 09:40:00'),
(9, 11,  '2025-03-03 09:36:00', '2025-03-03 09:40:00'),
-- extra discounted (Womens Day)
(9, 63,  '2025-03-03 09:34:00', NULL),

-- ========== CART 10 (buyer 10) / order: 2025-03-04 18:37 ==========
(10, 625,'2025-03-04 18:21:00', '2025-03-04 18:37:00'),
(10, 13, '2025-03-04 18:33:00', '2025-03-04 18:37:00'),
-- extra discounted (Womens Day)
(10, 626,'2025-03-04 18:28:00', NULL),

-- ========== CART 11 (buyer 11) / order: 2025-03-05 12:06 ==========
(11, 626,'2025-03-05 11:51:00', '2025-03-05 12:06:00'),
(11, 14, '2025-03-05 12:02:00', '2025-03-05 12:06:00'),
-- extra discounted (Womens Day)
(11, 627,'2025-03-05 11:56:00', NULL),

-- ========== CART 12 (buyer 12) / order: 2025-03-06 16:29 ==========
(12, 240,'2025-03-06 16:16:00', '2025-03-06 16:29:00'),
(12, 66, '2025-03-06 16:20:00', '2025-03-06 16:29:00'),
(12, 16, '2025-03-06 16:25:00', '2025-03-06 16:29:00'),
-- extra discounted (Womens Day)
(12, 248,'2025-03-06 16:22:00', NULL),

-- ========== CART 13 (buyer 13) / order: 2025-03-07 20:22 ==========
(13, 248,'2025-03-07 20:06:00', '2025-03-07 20:22:00'),
(13, 19, '2025-03-07 20:18:00', '2025-03-07 20:22:00'),
-- extra discounted (Womens Day)
(13, 54, '2025-03-07 20:12:00', NULL),

-- ========== CART 14 (buyer 14) / order: 2025-03-08 12:50 ==========
(14, 65, '2025-03-08 12:41:00', '2025-03-08 12:50:00'),

-- extra discounted (Womens Day)
(14, 64, '2025-03-08 12:44:00', NULL),
------------------------------------------------------------
-- WISHLIST (Cart 15-46)  cart ürünleri + ekstra ürün
-- Cart ürünleri: removed_at = order_date
-- Ekstra ürün: removed_at = NULL
------------------------------------------------------------



-- Cart 15 (buyer 15) / order: 2025-04-20 10:45
(15, 619, '2025-04-20 10:31:00', '2025-04-20 10:45:00'),
(15, 300, '2025-04-20 10:35:00', '2025-04-20 10:45:00'),
(15, 12,  '2025-04-20 10:39:00', '2025-04-20 10:45:00'),
-- extra discounted (same campaign window)
(15, 620, '2025-04-20 10:33:00', NULL),

-- Cart 16 (buyer 16) / order: 2025-04-22 14:32
(16, 620, '2025-04-22 14:11:00', '2025-04-22 14:32:00'),
(16, 301, '2025-04-22 14:19:00', '2025-04-22 14:32:00'),
(16, 23,  '2025-04-22 14:28:00', '2025-04-22 14:32:00'),
-- extra discounted
(16, 621, '2025-04-22 14:15:00', NULL),

-- Cart 17 (buyer 17) / order: 2025-04-24 09:18
(17, 621, '2025-04-24 09:06:00', '2025-04-24 09:18:00'),
(17, 29,  '2025-04-24 09:12:00', '2025-04-24 09:18:00'),
-- extra discounted
(17, 622, '2025-04-24 09:09:00', NULL),

-- Cart 18 (buyer 18) / order: 2025-04-26 17:05
(18, 622, '2025-04-26 16:41:00', '2025-04-26 17:05:00'),
(18, 4,   '2025-04-26 16:56:00', '2025-04-26 17:05:00'),
-- extra discounted
(18, 623, '2025-04-26 16:49:00', NULL),

-- Cart 19 (buyer 19) / order: 2025-04-28 12:40
(19, 623, '2025-04-28 12:16:00', '2025-04-28 12:40:00'),
(19, 6,   '2025-04-28 12:31:00', '2025-04-28 12:40:00'),
-- extra discounted
(19, 624, '2025-04-28 12:22:00', NULL),
-- Cart 20 (buyer 20) / order: 2025-04-30 19:50
(20, 624, '2025-04-30 19:21:00', '2025-04-30 19:50:00'),
(20, 26,  '2025-04-30 19:38:00', '2025-04-30 19:50:00'),
-- extra discounted (book day deals window)
(20, 619, '2025-04-30 19:30:00', NULL),



-- Cart 21 (buyer 21) / order: 2025-05-01 09:25
(21, 36,  '2025-05-01 09:16:00', '2025-05-01 09:25:00'),

-- extra discounted
(21, 37,  '2025-05-01 09:18:00', NULL),

-- Cart 22 (buyer 22) / order: 2025-05-02 13:55
(22, 39,  '2025-05-02 13:36:00', '2025-05-02 13:55:00'),
(22, 29,  '2025-05-02 13:49:00', '2025-05-02 13:55:00'),
-- extra discounted
(22, 41,  '2025-05-02 13:41:00', NULL),

-- Cart 23 (buyer 23) / order: 2025-05-03 18:20
(23, 42,  '2025-05-03 18:06:00', '2025-05-03 18:20:00'),
(23, 4,   '2025-05-03 18:11:00', '2025-05-03 18:20:00'),
-- extra discounted
(23, 43,  '2025-05-03 18:09:00', NULL),

-- Cart 24 (buyer 24) / order: 2025-05-05 11:35
(24, 249, '2025-05-05 11:11:00', '2025-05-05 11:35:00'),
(24, 6,   '2025-05-05 11:27:00', '2025-05-05 11:35:00'),
-- extra discounted
(24, 250, '2025-05-05 11:18:00', NULL),

-- Cart 25 (buyer 25) / order: 2025-05-07 17:10
(25, 250, '2025-05-07 16:46:00', '2025-05-07 17:10:00'),
(25, 23,  '2025-05-07 17:02:00', '2025-05-07 17:10:00'),
-- extra discounted
(25, 251, '2025-05-07 16:54:00', NULL),

-- Cart 26 (buyer 26) / order: 2025-05-09 20:45
(26, 43,  '2025-05-09 20:21:00', '2025-05-09 20:45:00'),
(26, 14,  '2025-05-09 20:38:00', '2025-05-09 20:45:00'),
-- extra discounted
(26, 36,  '2025-05-09 20:29:00', NULL),

-- Cart 27 (buyer 27) / order: 2025-05-11 11:05
(27, 37,  '2025-05-11 10:41:00', '2025-05-11 11:05:00'),
(27, 11,  '2025-05-11 10:57:00', '2025-05-11 11:05:00'),
-- extra discounted
(27, 39,  '2025-05-11 10:49:00', NULL),

-- Cart 28 (buyer 28) / order: 2025-05-12 14:30
(28, 251, '2025-05-12 14:06:00', '2025-05-12 14:30:00'),
(28, 26,  '2025-05-12 14:19:00', '2025-05-12 14:30:00'),
-- extra discounted
(28, 249, '2025-05-12 14:12:00', NULL),



-- Cart 29 (buyer 29) / order: 2025-06-01 10:12
(29, 595, '2025-06-01 10:01:00', '2025-06-01 10:12:00'),
(29, 12,  '2025-06-01 10:05:00', '2025-06-01 10:12:00'),
-- extra discounted
(29, 525, '2025-06-01 10:03:00', NULL),

-- Cart 30 (buyer 30) / order: 2025-06-05 12:50
(30, 525, '2025-06-05 12:26:00', '2025-06-05 12:50:00'),
(30, 29,  '2025-06-05 12:42:00', '2025-06-05 12:50:00'),
-- extra discounted
(30, 241, '2025-06-05 12:33:00', NULL),

-- Cart 31 (buyer 31) / order: 2025-06-10 18:40
(31, 332, '2025-06-10 18:11:00', '2025-06-10 18:40:00'),
(31, 4,   '2025-06-10 18:29:00', '2025-06-10 18:40:00'),
-- extra discounted
(31, 595, '2025-06-10 18:20:00', NULL),

-- Cart 32 (buyer 32) / order: 2025-06-16 21:00
(32, 241, '2025-06-16 20:31:00', '2025-06-16 21:00:00'),
(32, 26,  '2025-06-16 20:46:00', '2025-06-16 21:00:00'),
-- extra discounted
(32, 332, '2025-06-16 20:40:00', NULL),


-- Cart 33 (buyer 33) / order: 2025-08-15 09:35
(33, 456, '2025-08-15 09:21:00', '2025-08-15 09:35:00'),
(33, 459, '2025-08-15 09:27:00', '2025-08-15 09:35:00'),
-- extra discounted
(33, 468, '2025-08-15 09:24:00', NULL),

-- Cart 34 (buyer 34) / order: 2025-08-20 14:35
(34, 300, '2025-08-20 14:16:00', '2025-08-20 14:35:00'),
(34, 12,  '2025-08-20 14:28:00', '2025-08-20 14:35:00'),
-- extra discounted
(34, 463, '2025-08-20 14:22:00', NULL),

-- Cart 35 (buyer 35) / order: 2025-08-25 19:10
(35, 463, '2025-08-25 18:41:00', '2025-08-25 19:10:00'),
(35, 466, '2025-08-25 19:00:00', '2025-08-25 19:10:00'),
-- extra discounted
(35, 470, '2025-08-25 18:52:00', NULL),

-- Cart 36 (buyer 36) / order: 2025-08-30 11:25
(36, 29,  '2025-08-30 11:06:00', '2025-08-30 11:25:00'),
(36, 6,   '2025-08-30 11:17:00', '2025-08-30 11:25:00'),
-- extra discounted
(36, 456, '2025-08-30 11:11:00', NULL),

-- Cart 37 (buyer 37) / order: 2025-09-03 16:40
(37, 468, '2025-09-03 16:11:00', '2025-09-03 16:40:00'),
(37, 470, '2025-09-03 16:30:00', '2025-09-03 16:40:00'),
-- extra discounted
(37, 459, '2025-09-03 16:20:00', NULL),

-- Cart 38 (buyer 38) / order: 2025-09-05 20:50
(38, 436, '2025-09-05 20:21:00', '2025-09-05 20:50:00'),
(38, 11,  '2025-09-05 20:34:00', '2025-09-05 20:50:00'),
-- extra discounted
(38, 466, '2025-09-05 20:28:00', NULL),




-- Cart 39 (buyer 39) / order: 2025-11-24 09:30
(39, 21,  '2025-11-24 09:11:00', '2025-11-24 09:30:00'),
(39, 81,  '2025-11-24 09:16:00', '2025-11-24 09:30:00'),
(39, 12,  '2025-11-24 09:20:00', '2025-11-24 09:30:00'),
-- extra discounted
(39, 88,  '2025-11-24 09:14:00', NULL),

-- Cart 40 (buyer 40) / order: 2025-11-24 14:10
(40, 30,  '2025-11-24 13:41:00', '2025-11-24 14:10:00'),
(40, 21,  '2025-11-24 13:52:00', '2025-11-24 14:10:00'),
(40, 23,  '2025-11-24 14:01:00', '2025-11-24 14:10:00'),
-- extra discounted
(40, 167, '2025-11-24 13:48:00', NULL),

-- Cart 41 (buyer 1) / order: 2025-11-25 19:00
(1,  81,  '2025-11-25 18:21:00', '2025-11-25 19:00:00'),
(1,  30,  '2025-11-25 18:33:00', '2025-11-25 19:00:00'),
(1,  29,  '2025-11-25 18:44:00', '2025-11-25 19:00:00'),
-- extra discounted (ama buyer1'de 21 daha önce yoktu, ekleyebiliriz)
(1,  21,  '2025-11-25 18:28:00', NULL),

-- Cart 42 (buyer 2) / order: 2025-11-26 11:40
(2,  167, '2025-11-26 11:06:00', '2025-11-26 11:40:00'),
(2,  88,  '2025-11-26 11:18:00', '2025-11-26 11:40:00'),
(2,  6,   '2025-11-26 11:26:00', '2025-11-26 11:40:00'),
-- extra discounted (buyer2'de 81 daha önce yoktu)
(2,  81,  '2025-11-26 11:12:00', NULL),

-- Cart 43 (buyer 3) / order: 2025-11-27 16:55
(3,  637, '2025-11-27 16:16:00', '2025-11-27 16:55:00'),
(3,  242, '2025-11-27 16:28:00', '2025-11-27 16:55:00'),
(3,  4,   '2025-11-27 16:40:00', '2025-11-27 16:55:00'),
-- extra discounted
(3,  88,  '2025-11-27 16:22:00', NULL),

-- Cart 44 (buyer 4) / order: 2025-11-28 20:50
(4,  242, '2025-11-28 20:11:00', '2025-11-28 20:50:00'),
(4,  637, '2025-11-28 20:22:00', '2025-11-28 20:50:00'),
(4,  11,  '2025-11-28 20:33:00', '2025-11-28 20:50:00'),
-- extra discounted
(4,  30,  '2025-11-28 20:16:00', NULL),

-- Cart 45 (buyer 5) / order: 2025-11-29 13:10
(5,  88,  '2025-11-29 12:31:00', '2025-11-29 13:10:00'),
(5,  167, '2025-11-29 12:44:00', '2025-11-29 13:10:00'),

-- extra discounted
(5,  21,  '2025-11-29 12:38:00', NULL),

-- Cart 46 (buyer 6) / order: 2025-11-30 20:30
(6,  642, '2025-11-30 19:51:00', '2025-11-30 20:30:00'),
(6,  22,  '2025-11-30 20:05:00', '2025-11-30 20:30:00'),
(6,  26,  '2025-11-30 20:13:00', '2025-11-30 20:30:00'),
-- extra discounted
(6,  81,  '2025-11-30 19:58:00', NULL),



-- Cart 47 (buyer 7) / order: 2025-12-01 10:20
(7, 471, '2025-12-01 10:06:00', '2025-12-01 10:20:00'),
(7, 12,  '2025-12-01 10:10:00', '2025-12-01 10:20:00'),
-- extra discounted (Dec window)
(7, 486, '2025-12-01 10:08:00', NULL),

-- Cart 48 (buyer 8) / order: 2025-12-10 15:05
(8, 476, '2025-12-10 14:31:00', '2025-12-10 15:05:00'),
(8, 29,  '2025-12-10 14:48:00', '2025-12-10 15:05:00'),
-- extra discounted (Dec window)
(8, 488, '2025-12-10 14:40:00', NULL),

-- Cart 49 (buyer 9) / order: 2025-12-20 18:50
(9, 631, '2025-12-20 18:16:00', '2025-12-20 18:50:00'),
(9, 6,   '2025-12-20 18:36:00', '2025-12-20 18:50:00'),
-- extra discounted (Dec window)
(9, 636, '2025-12-20 18:28:00', NULL),

-- Cart 50 (buyer 10) / order: 2025-12-31 21:40
(10, 488,'2025-12-31 21:11:00', '2025-12-31 21:40:00'),
(10, 26, '2025-12-31 21:28:00', '2025-12-31 21:40:00'),
-- extra discounted (Dec window)
(10, 472,'2025-12-31 21:20:00', NULL),


/* =========================
   CART 51-53 (Dec 2025)
   ========================= */

-- Cart 51 (buyer 11) / order: 2025-12-02 10:20
(11, 471, '2025-12-02 10:06:00', '2025-12-02 10:20:00'),
(11, 476, '2025-12-02 10:08:00', '2025-12-02 10:20:00'),
(11, 633, '2025-12-02 10:10:00', '2025-12-02 10:20:00'),
-- extra discounted
(11, 486, '2025-12-02 10:12:00', NULL),

-- Cart 52 (buyer 12) / order: 2025-12-04 14:30
(12, 472, '2025-12-04 14:11:00', '2025-12-04 14:30:00'),
(12, 480, '2025-12-04 14:20:00', '2025-12-04 14:30:00'),
(12, 488, '2025-12-04 14:28:00', '2025-12-04 14:30:00'),
(12, 631, '2025-12-04 14:24:00', '2025-12-04 14:30:00'),
-- extra discounted
(12, 487, '2025-12-04 14:26:00', NULL),

-- Cart 53 (buyer 13) / order: 2025-12-08 19:05
(13, 474, '2025-12-08 18:16:00', '2025-12-08 19:05:00'),
(13, 636, '2025-12-08 18:36:00', '2025-12-08 19:05:00'),
-- extra discounted
(13, 488, '2025-12-08 18:28:00', NULL),


/* =========================
   CART 54-56 (Black Friday window)
   ========================= */

-- Cart 54 (buyer 14) / order: 2025-11-24 09:45
(14, 21,  '2025-11-24 09:26:00', '2025-11-24 09:45:00'),
(14, 81,  '2025-11-24 09:33:00', '2025-11-24 09:45:00'),
(14, 242, '2025-11-24 09:41:00', '2025-11-24 09:45:00'),
-- extra discounted
(14, 88,  '2025-11-24 09:36:00', NULL),

-- Cart 55 (buyer 15) / order: 2025-11-26 16:40
(15, 30,  '2025-11-26 16:16:00', '2025-11-26 16:40:00'),
(15, 167, '2025-11-26 16:28:00', '2025-11-26 16:40:00'),
(15, 637, '2025-11-26 16:35:00', '2025-11-26 16:40:00'),
(15, 247, '2025-11-26 16:38:00', '2025-11-26 16:40:00'),
-- extra discounted
(15, 242, '2025-11-26 16:22:00', NULL),

-- Cart 56 (buyer 16) / order: 2025-11-29 12:25
(16, 22,  '2025-11-29 12:06:00', '2025-11-29 12:25:00'),
(16, 170, '2025-11-29 12:18:00', '2025-11-29 12:25:00'),
-- extra discounted
(16, 81,  '2025-11-29 12:12:00', NULL),


/* =========================
   CART 57-59 (Womens Day window)
   ========================= */

-- Cart 57 (buyer 17) / order: 2025-03-01 10:40
(17, 54,  '2025-03-01 10:16:00', '2025-03-01 10:40:00'),
(17, 58,  '2025-03-01 10:25:00', '2025-03-01 10:40:00'),
(17, 625, '2025-03-01 10:32:00', '2025-03-01 10:40:00'),
(17, 240, '2025-03-01 10:38:00', '2025-03-01 10:40:00'),
-- extra discounted
(17, 65,  '2025-03-01 10:28:00', NULL),

-- Cart 58 (buyer 18) / order: 2025-03-03 14:05
(18, 62,  '2025-03-03 13:41:00', '2025-03-03 14:05:00'),
(18, 630, '2025-03-03 13:55:00', '2025-03-03 14:05:00'),
(18, 248, '2025-03-03 14:00:00', '2025-03-03 14:05:00'),
-- extra discounted
(18, 63,  '2025-03-03 13:48:00', NULL),

-- Cart 59 (buyer 19) / order: 2025-03-06 19:40
(19, 65,  '2025-03-06 19:11:00', '2025-03-06 19:40:00'),
(19, 626, '2025-03-06 19:28:00', '2025-03-06 19:40:00'),
-- extra discounted
(19, 54,  '2025-03-06 19:20:00', NULL),


/* =========================
   CART 60-61 (Mothers Day window)
   ========================= */

-- Cart 60 (buyer 20) / order: 2025-05-02 11:50
(20, 36,  '2025-05-02 11:21:00', '2025-05-02 11:50:00'),
(20, 41,  '2025-05-02 11:35:00', '2025-05-02 11:50:00'),
(20, 249, '2025-05-02 11:45:00', '2025-05-02 11:50:00'),
-- extra discounted
(20, 250, '2025-05-02 11:30:00', NULL),

-- Cart 61 (buyer 21) / order: 2025-05-05 15:40

(21, 39,  '2025-05-05 15:18:00', '2025-05-05 15:40:00'),
(21, 43,  '2025-05-05 15:27:00', '2025-05-05 15:40:00'),
(21, 251, '2025-05-05 15:35:00', '2025-05-05 15:40:00'),
-- extra discounted
(21, 42,  '2025-05-05 15:22:00', NULL),


/* =========================
   CART 62-63 (Fathers Day window)
   ========================= */

-- Cart 62 (buyer 22) / order: 2025-06-01 09:40
(22, 595, '2025-06-01 09:11:00', '2025-06-01 09:40:00'),
(22, 241, '2025-06-01 09:25:00', '2025-06-01 09:40:00'),
-- extra discounted
(22, 525, '2025-06-01 09:18:00', NULL),

-- Cart 63 (buyer 23) / order: 2025-06-10 18:30
(23, 525, '2025-06-10 18:01:00', '2025-06-10 18:30:00'),
(23, 332, '2025-06-10 18:10:00', '2025-06-10 18:30:00'),
(23, 241, '2025-06-10 18:22:00', '2025-06-10 18:30:00'),
-- extra discounted
(23, 595, '2025-06-10 18:15:00', NULL),


/* =========================
   CART 64 (World Book Day window)
   ========================= */
   -- Cart 64 (buyer 24) / order: 2025-04-22 13:05
(24, 619, '2025-04-22 12:31:00', '2025-04-22 13:05:00'),
(24, 620, '2025-04-22 12:45:00', '2025-04-22 13:05:00'),
(24, 623, '2025-04-22 12:52:00', '2025-04-22 13:05:00'),
(24, 624, '2025-04-22 13:00:00', '2025-04-22 13:05:00'),
-- extra discounted
(24, 621, '2025-04-22 12:40:00', NULL),


/* =========================
   CART 65 (Back to School window)
   ========================= */

-- Cart 65 (buyer 25) / order: 2025-08-20 14:40
(25, 460, '2025-08-20 14:06:00', '2025-08-20 14:40:00'),
(25, 466, '2025-08-20 14:18:00', '2025-08-20 14:40:00'),
(25, 470, '2025-08-20 14:30:00', '2025-08-20 14:40:00'),
-- extra discounted
(25, 456, '2025-08-20 14:22:00', NULL),
------------------------------------------------------------
-- WISHLIST (Cart 66-80)
------------------------------------------------------------


-- Cart 66 (buyer 26) / order: 2025-01-03 10:35
(26, 66,  '2025-01-03 10:12:00', '2025-01-03 10:35:00'),
(26, 397, '2025-01-03 10:20:00', '2025-01-03 10:35:00'),
(26, 405, '2025-01-03 10:28:00', '2025-01-03 10:35:00'),
-- extra discounted (same window)
(26, 407, '2025-01-03 10:24:00', NULL),

-- Cart 67 (buyer 27) / order: 2025-01-07 14:30
(27, 67,  '2025-01-07 14:08:00', '2025-01-07 14:30:00'),
(27, 399, '2025-01-07 14:15:00', '2025-01-07 14:30:00'),
(27, 401, '2025-01-07 14:22:00', '2025-01-07 14:30:00'),
(27, 407, '2025-01-07 14:28:00', '2025-01-07 14:30:00'),
-- extra discounted
(27, 398, '2025-01-07 14:18:00', NULL),
-- Cart 68 (buyer 28) / order: 2025-01-12 20:05
(28, 402, '2025-01-12 19:45:00', '2025-01-12 20:05:00'),
(28, 404, '2025-01-12 19:55:00', '2025-01-12 20:05:00'),
-- extra discounted (same window)
(28, 406, '2025-01-12 19:50:00', NULL),


/* =========================
   Cart 69-71 (2025-03-01..03-08)
   ========================= */

-- Cart 69 (buyer 29) / order: 2025-03-01 11:45
(29, 54,  '2025-03-01 11:18:00', '2025-03-01 11:45:00'),
(29, 58,  '2025-03-01 11:28:00', '2025-03-01 11:45:00'),
(29, 625, '2025-03-01 11:35:00', '2025-03-01 11:45:00'),
(29, 240, '2025-03-01 11:42:00', '2025-03-01 11:45:00'),
-- extra discounted (Womens Day window)
(29, 65,  '2025-03-01 11:32:00', NULL),

-- Cart 70 (buyer 30) / order: 2025-03-04 17:05
(30, 62,  '2025-03-04 16:35:00', '2025-03-04 17:05:00'),
(30, 630, '2025-03-04 16:48:00', '2025-03-04 17:05:00'),
(30, 248, '2025-03-04 16:58:00', '2025-03-04 17:05:00'),
-- extra discounted
(30, 63,  '2025-03-04 16:42:00', NULL),

-- Cart 71 (buyer 1) / order: 2025-03-08 12:40
(1,  65,  '2025-03-08 12:12:00', '2025-03-08 12:40:00'),
(1,  626, '2025-03-08 12:28:00', '2025-03-08 12:40:00'),
-- extra discounted
(1,  54,  '2025-03-08 12:20:00', NULL),


/* =========================
   Cart 72 (2025-04-20..04-30)
   ========================= */

-- Cart 72 (buyer 2) / order: 2025-04-26 13:55
(2,  619, '2025-04-26 13:26:00', '2025-04-26 13:55:00'),
(2,  620, '2025-04-26 13:35:00', '2025-04-26 13:55:00'),
(2,  623, '2025-04-26 13:44:00', '2025-04-26 13:55:00'),
(2,  624, '2025-04-26 13:52:00', '2025-04-26 13:55:00'),
-- extra discounted (same window)
(2,  621, '2025-04-26 13:40:00', NULL),


/* =========================
   Cart 73-74 (2025-05-01..05-12)
   ========================= */
-- Cart 73 (buyer 3) / order: 2025-05-03 10:55
(3,  36,  '2025-05-03 10:22:00', '2025-05-03 10:55:00'),
(3,  41,  '2025-05-03 10:35:00', '2025-05-03 10:55:00'),
(3,  249, '2025-05-03 10:50:00', '2025-05-03 10:55:00'),
-- extra discounted
(3,  250, '2025-05-03 10:40:00', NULL),

-- Cart 74 (buyer 4) / order: 2025-05-11 18:45
(4,  37,  '2025-05-11 18:07:00', '2025-05-11 18:45:00'),
(4,  39,  '2025-05-11 18:20:00', '2025-05-11 18:45:00'),
(4,  43,  '2025-05-11 18:30:00', '2025-05-11 18:45:00'),
(4,  251, '2025-05-11 18:40:00', '2025-05-11 18:45:00'),
-- extra discounted
(4,  249, '2025-05-11 18:25:00', NULL),


/* =========================
   Cart 75 (2025-06-01..06-16)
   ========================= */

-- Cart 75 (buyer 5) / order: 2025-06-05 10:25
(5,  525, '2025-06-05 09:52:00', '2025-06-05 10:25:00'),
(5,  332, '2025-06-05 10:05:00', '2025-06-05 10:25:00'),
(5,  241, '2025-06-05 10:18:00', '2025-06-05 10:25:00'),
-- extra discounted
(5,  595, '2025-06-05 10:10:00', NULL),


/* =========================
   Cart 76 (2025-08-15..09-05)
   ========================= */

-- Cart 76 (buyer 6) / order: 2025-08-28 15:45
(6,  456, '2025-08-28 15:12:00', '2025-08-28 15:45:00'),
(6,  460, '2025-08-28 15:22:00', '2025-08-28 15:45:00'),
(6,  466, '2025-08-28 15:33:00', '2025-08-28 15:45:00'),
(6,  470, '2025-08-28 15:42:00', '2025-08-28 15:45:00'),
-- extra discounted
(6,  468, '2025-08-28 15:28:00', NULL),


/* =========================
   Cart 77-79 (2025-11-24..11-30)
   ========================= */

-- Cart 77 (buyer 7) / order: 2025-11-24 10:30
(7,  21,  '2025-11-24 09:56:00', '2025-11-24 10:30:00'),
(7,  82,  '2025-11-24 10:05:00', '2025-11-24 10:30:00'),
(7,  637, '2025-11-24 10:20:00', '2025-11-24 10:30:00'),
-- extra discounted
(7,  88,  '2025-11-24 10:12:00', NULL),

-- Cart 78 (buyer 8) / order: 2025-11-27 15:15
(8,  30,  '2025-11-27 14:41:00', '2025-11-27 15:15:00'),
(8,  167, '2025-11-27 14:52:00', '2025-11-27 15:15:00'),
(8,  242, '2025-11-27 15:03:00', '2025-11-27 15:15:00'),
(8,  170, '2025-11-27 15:10:00', '2025-11-27 15:15:00'),
-- extra discounted
(8,  81,  '2025-11-27 14:48:00', NULL),

-- Cart 79 (buyer 9) / order: 2025-11-30 20:40
(9,  22,  '2025-11-30 20:06:00', '2025-11-30 20:40:00'),
(9,  88,  '2025-11-30 20:25:00', '2025-11-30 20:40:00'),
-- extra discounted
(9,  242, '2025-11-30 20:18:00', NULL),


/* =========================
   Cart 80 (2025-12-01..12-31)
   ========================= */

-- Cart 80 (buyer 10) / order: 2025-12-18 13:05
(10, 471, '2025-12-18 12:31:00', '2025-12-18 13:05:00'),
(10, 478, '2025-12-18 12:44:00', '2025-12-18 13:05:00'),

(10, 635, '2025-12-18 13:02:00', '2025-12-18 13:05:00'),
-- extra discounted
(10, 486, '2025-12-18 12:50:00', NULL),
------------------------------------------------------------


-- Cart 81 (buyer 11) / order: 2025-10-02 10:25
(11, 300, '2025-10-02 10:11:00', '2025-10-02 10:25:00'),
(11, 12,  '2025-10-02 10:18:00', '2025-10-02 10:25:00'),
-- extra discounted (later campaign)
(11, 81,  '2025-10-02 10:14:00', NULL),
-- Cart 82 (buyer 12) / order: 2025-10-03 14:35
(12, 29,  '2025-10-03 14:06:00', '2025-10-03 14:35:00'),
(12, 6,   '2025-10-03 14:20:00', '2025-10-03 14:35:00'),
-- extra discounted
(12, 88,  '2025-10-03 14:12:00', NULL),

-- Cart 83 (buyer 13) / order: 2025-10-04 10:05
(13, 436, '2025-10-04 09:31:00', '2025-10-04 10:05:00'),
(13, 11,  '2025-10-04 09:45:00', '2025-10-04 10:05:00'),
-- extra discounted
(13, 242, '2025-10-04 09:38:00', NULL),

-- Cart 84 (buyer 14) / order: 2025-10-06 18:45
(14, 301, '2025-10-06 18:12:00', '2025-10-06 18:45:00'),
(14, 23,  '2025-10-06 18:28:00', '2025-10-06 18:45:00'),
-- extra discounted
(14, 637, '2025-10-06 18:20:00', NULL),

-- Cart 85 (buyer 15) / order: 2025-10-08 12:20

-- extra discounted


-- Cart 86 (buyer 16) / order: 2025-10-10 21:10


-- extra discounted
(16, 30,  '2025-10-10 20:48:00', NULL),

-- Cart 87 (buyer 17) / order: 2025-10-12 16:45


-- extra discounted
(17, 22,  '2025-10-12 16:22:00', NULL),

-- Cart 88 (buyer 18) / order: 2025-10-13 13:05


-- extra discounted
(18, 170, '2025-10-13 12:34:00', NULL),

-- Cart 89 (buyer 19) / order: 2025-10-15 10:20


-- extra discounted
(19, 88,  '2025-10-15 09:50:00', NULL),

-- Cart 90 (buyer 20) / order: 2025-10-18 19:40


-- extra discounted
(20, 81,  '2025-10-18 19:16:00', NULL),


/* =========================
   Cart 91-95  (buyer 21..25)
   ========================= */

-- Cart 91 (buyer 21) / order: 2025-10-19 10:40
(21, 300, '2025-10-19 10:16:00', '2025-10-19 10:40:00'),
(21, 12,  '2025-10-19 10:28:00', '2025-10-19 10:40:00'),
-- extra discounted
(21, 242, '2025-10-19 10:22:00', NULL),

-- Cart 92 (buyer 22) / order: 2025-10-20 14:10

(22, 6,   '2025-10-20 13:55:00', '2025-10-20 14:10:00'),
-- extra discounted
(22, 637, '2025-10-20 13:48:00', NULL),

-- Cart 93 (buyer 23) / order: 2025-10-21 09:35
(23, 436, '2025-10-21 09:06:00', '2025-10-21 09:35:00'),
(23, 11,  '2025-10-21 09:20:00', '2025-10-21 09:35:00'),
-- extra discounted
(23, 167, '2025-10-21 09:12:00', NULL),

-- Cart 94 (buyer 24) / order: 2025-10-22 18:55
(24, 301, '2025-10-22 18:21:00', '2025-10-22 18:55:00'),
(24, 23,  '2025-10-22 18:39:00', '2025-10-22 18:55:00'),
-- extra discounted
(24, 81,  '2025-10-22 18:30:00', NULL),

-- Cart 95 (buyer 25) / order: 2025-10-23 11:55
(25, 14,  '2025-10-23 11:26:00', '2025-10-23 11:55:00'),
(25, 4,   '2025-10-23 11:40:00', '2025-10-23 11:55:00'),
-- extra discounted
(25, 88,  '2025-10-23 11:32:00', NULL),
-- Cart 111 (buyer 1)
(1,  300, '2025-07-01 10:06:00', NULL),
(1,  12,  '2025-07-01 10:10:00', NULL),

-- Cart 112 (buyer 2)
(2,  29,  '2025-07-02 14:20:00', NULL),

-- Cart 113 (buyer 3)
(3,  436, '2025-07-03 09:40:00', NULL),
(3,  11,  '2025-07-03 09:44:00', NULL),

-- Cart 114 (buyer 4)
(4,  301, '2025-07-04 18:10:00', NULL),
(4,  23,  '2025-07-04 18:14:00', NULL),

-- Cart 115 (buyer 5)
(5,  14,  '2025-07-05 11:55:00', NULL),
(5,  4,   '2025-07-05 11:59:00', NULL),

-- Cart 116 (buyer 6)
(6,  7,   '2025-07-06 20:35:00', NULL),
(6,  16,  '2025-07-06 20:39:00', NULL),

-- Cart 117 (buyer 7)
(7,  5,   '2025-07-07 16:15:00', NULL),
(7,  26,  '2025-07-07 16:19:00', NULL),

-- Cart 118 (buyer 8)
(8,  19,  '2025-07-08 12:25:00', NULL),
(8,  12,  '2025-07-08 12:29:00', NULL),

-- Cart 119 (buyer 9)
(9,  300, '2025-07-09 09:45:00', NULL),
(9,  29,  '2025-07-09 09:49:00', NULL),

-- Cart 120 (buyer 10)
(10, 436, '2025-07-10 19:05:00', NULL),
(10, 6,   '2025-07-10 19:09:00', NULL),

-- Cart 121 (buyer 11)
(11, 301, '2025-07-11 10:25:00', NULL),
(11, 23,  '2025-07-11 10:29:00', NULL),

-- Cart 122 (buyer 12)
(12, 300, '2025-07-12 14:05:00', NULL),
(12, 12,  '2025-07-12 14:09:00', NULL),

-- Cart 123 (buyer 13)
(13, 29,  '2025-07-13 09:15:00', NULL),
(13, 6,   '2025-07-13 09:19:00', NULL),

-- Cart 124 (buyer 14)
(14, 436, '2025-07-14 18:35:00', NULL),
(14, 11,  '2025-07-14 18:39:00', NULL),

-- Cart 125 (buyer 15)
(15, 14,  '2025-07-15 11:20:00', NULL),
(15, 4,   '2025-07-15 11:24:00', NULL),

-- Cart 126 (buyer 16)
(16, 7,   '2025-07-16 20:10:00', NULL),
(16, 16,  '2025-07-16 20:14:00', NULL),

-- Cart 127 (buyer 17)
(17, 5,   '2025-07-17 16:40:00', NULL),
(17, 26,  '2025-07-17 16:44:00', NULL),

-- Cart 128 (buyer 18)
(18, 19,  '2025-07-18 12:10:00', NULL),
(18, 12,  '2025-07-18 12:14:00', NULL),

-- Cart 129 (buyer 19)
(19, 300, '2025-07-19 09:30:00', NULL),
(19, 29,  '2025-07-19 09:34:00', NULL),

-- Cart 130 (buyer 20)
(20, 436, '2025-07-20 19:40:00', NULL),
(20, 6,   '2025-07-20 19:44:00', NULL),

-- Cart 131 (buyer 131)
(131, 301, '2025-07-21 10:45:00', NULL),
(131, 23,  '2025-07-21 10:49:00', NULL),

-- Cart 132 (buyer 132)
(132, 300, '2025-07-22 14:35:00', NULL),
(132, 12,  '2025-07-22 14:39:00', NULL),
-- Cart 133 (buyer 133)
(133, 29,  '2025-07-23 10:00:00', NULL),
(133, 6,   '2025-07-23 10:04:00', NULL),

-- Cart 134 (buyer 134)
(134, 436, '2025-07-24 18:20:00', NULL),
(134, 11,  '2025-07-24 18:24:00', NULL),

-- Cart 135 (buyer 135)
(135, 14,  '2025-07-25 11:05:00', NULL),
(135, 4,   '2025-07-25 11:09:00', NULL),

-- Cart 136 (buyer 136)
(136, 7,   '2025-07-26 20:55:00', NULL),
(136, 16,  '2025-07-26 20:59:00', NULL),

-- Cart 137 (buyer 137)
(137, 5,   '2025-07-27 16:25:00', NULL),
(137, 26,  '2025-07-27 16:29:00', NULL),

-- Cart 138 (buyer 138)
(138, 19,  '2025-07-28 12:45:00', NULL),
(138, 12,  '2025-07-28 12:49:00', NULL),

-- Cart 139 (buyer 139)
(139, 300, '2025-07-29 09:10:00', NULL),
(139, 29,  '2025-07-29 09:14:00', NULL),

-- Cart 140 (buyer 140)
(140, 436, '2025-07-30 19:15:00', NULL),
(140, 6,   '2025-07-30 19:19:00', NULL),



-- Cart 141
(141, 456, '2025-08-16 09:11:00', NULL),
(141, 459, '2025-08-16 09:14:00', NULL),
(141, 12,  '2025-08-16 09:18:00', NULL),

-- Cart 142
(142, 460, '2025-08-18 14:26:00', NULL),
(142, 463, '2025-08-18 14:31:00', NULL),
(142, 29,  '2025-08-18 14:35:00', NULL),

-- Cart 143
(143, 464, '2025-08-20 10:05:00', NULL),
(143, 466, '2025-08-20 10:10:00', NULL),
(143, 6,   '2025-08-20 10:14:00', NULL),

-- Cart 144
(144, 467, '2025-08-23 18:35:00', NULL),
(144, 468, '2025-08-23 18:39:00', NULL),
(144, 23,  '2025-08-23 18:44:00', NULL),

-- Cart 145
(145, 469, '2025-08-25 11:50:00', NULL),
(145, 470, '2025-08-25 11:54:00', NULL),
(145, 11,  '2025-08-25 11:58:00', NULL),

-- Cart 146
(146, 456, '2025-08-27 20:15:00', NULL),
(146, 463, '2025-08-27 20:18:00', NULL),
(146, 14,  '2025-08-27 20:22:00', NULL),

-- Cart 147
(147, 460, '2025-08-30 16:10:00', NULL),
(147, 466, '2025-08-30 16:14:00', NULL),
(147, 26,  '2025-08-30 16:18:00', NULL),

-- Cart 148
(148, 467, '2025-09-01 12:25:00', NULL),
(148, 468, '2025-09-01 12:29:00', NULL),
(148, 300, '2025-09-01 12:33:00', NULL),

-- Cart 149
(149, 469, '2025-09-03 09:40:00', NULL),
(149, 470, '2025-09-03 09:43:00', NULL),
(149, 6,   '2025-09-03 09:47:00', NULL),

-- Cart 150
(150, 456, '2025-09-05 19:05:00', NULL),
(150, 459, '2025-09-05 19:09:00', NULL),
(150, 23,  '2025-09-05 19:13:00', NULL) ;

-- Buyer 1 (order: 2025-01-02) => avoid 2025-01-01..01-15
INSERT INTO Wishlist (buyer_id, product_id, added_at, removed_at)
VALUES (1, 619, '2025-04-22 10:15:00', NULL); -- World Book Day

INSERT INTO Wishlist (buyer_id, product_id, added_at, removed_at)
VALUES (1, 641, '2025-11-26 13:40:00', NULL); -- Black Friday


-- Buyer 2 (order: 2025-01-03) => avoid New Year Sale
INSERT INTO Wishlist (buyer_id, product_id, added_at, removed_at)
VALUES (2, 249, '2025-05-06 11:10:00', NULL); -- Mothers Day
INSERT INTO Wishlist (buyer_id, product_id, added_at, removed_at)
VALUES (2, 470, '2025-08-20 16:05:00', '2025-09-01 09:00:00'); -- Back to School



INSERT INTO Wishlist (buyer_id, product_id, added_at, removed_at)
VALUES (3, 486, '2025-12-10 18:30:00', NULL); -- Year End Sale


-- Buyer 4 (order: 2025-01-08) => avoid New Year Sale
INSERT INTO Wishlist (buyer_id, product_id, added_at, removed_at)
VALUES (4, 595, '2025-06-05 09:45:00', NULL); -- Fathers Day

INSERT INTO Wishlist (buyer_id, product_id, added_at, removed_at)
VALUES (4, 244, '2025-11-27 15:10:00', '2025-11-29 20:00:00'); -- Black Friday


-- Buyer 5 (order: 2025-01-12) => avoid New Year Sale
INSERT INTO Wishlist (buyer_id, product_id, added_at, removed_at)
VALUES (5, 456, '2025-08-18 10:00:00', NULL); -- Back to School

INSERT INTO Wishlist (buyer_id, product_id, added_at, removed_at)
VALUES (5, 471, '2025-12-05 14:20:00', NULL); -- Year End


-- Buyer 6 (order: 2025-01-14) => avoid New Year Sale
INSERT INTO Wishlist (buyer_id, product_id, added_at, removed_at)
VALUES (6, 620, '2025-04-25 17:35:00', NULL); -- World Book Day

INSERT INTO Wishlist (buyer_id, product_id, added_at, removed_at)
VALUES (6, 30, '2025-11-25 09:10:00', NULL); -- Black Friday


-- Buyer 7 (order: 2025-03-01) => avoid Womens Day 03/01-03/08
INSERT INTO Wishlist (buyer_id, product_id, added_at, removed_at)
VALUES (7, 66, '2025-01-10 12:00:00', '2025-02-01 09:00:00'); -- New Year Sale

INSERT INTO Wishlist (buyer_id, product_id, added_at, removed_at)
VALUES (7, 621, '2025-04-23 11:30:00', NULL); -- World Book Day


-- Buyer 8 (order: 2025-03-02) => avoid Womens Day
INSERT INTO Wishlist (buyer_id, product_id, added_at, removed_at)
VALUES (8, 67, '2025-01-07 16:15:00', NULL); -- New Year Sale

INSERT INTO Wishlist (buyer_id, product_id, added_at, removed_at)
VALUES (8, 37, '2025-05-04 13:05:00', NULL); -- Mothers Day


-- Buyer 9 (order: 2025-03-03) => avoid Womens Day
INSERT INTO Wishlist (buyer_id, product_id, added_at, removed_at)
VALUES (9, 397, '2025-01-09 10:10:00', NULL); -- New Year Sale

INSERT INTO Wishlist (buyer_id, product_id, added_at, removed_at)
VALUES (9, 462, '2025-08-19 09:50:00', '2025-08-28 12:00:00'); -- Back to School


-- Buyer 10 (order: 2025-03-04) => avoid Womens Day
INSERT INTO Wishlist (buyer_id, product_id, added_at, removed_at)
VALUES (10, 398, '2025-01-11 18:40:00', NULL); -- New Year Sale

INSERT INTO Wishlist (buyer_id, product_id, added_at, removed_at)
VALUES (10, 622, '2025-04-28 10:30:00', NULL); -- World Book Day


-- Buyer 11 (order: 2025-03-05) => avoid Womens Day
INSERT INTO Wishlist (buyer_id, product_id, added_at, removed_at)
VALUES (11, 404, '2025-01-13 11:20:00', '2025-01-15 20:00:00'); -- New Year Sale

INSERT INTO Wishlist (buyer_id, product_id, added_at, removed_at)
VALUES (11, 332, '2025-06-08 14:00:00', NULL); -- Fathers Day


-- Buyer 12 (order: 2025-03-06) => avoid Womens Day
INSERT INTO Wishlist (buyer_id, product_id, added_at, removed_at)
VALUES (12, 405, '2025-01-05 09:05:00', NULL); -- New Year Sale

INSERT INTO Wishlist (buyer_id, product_id, added_at, removed_at)
VALUES (12, 637, '2025-11-24 10:10:00', NULL); -- Black Friday


-- Buyer 13 (order: 2025-03-07) => avoid Womens Day
INSERT INTO Wishlist (buyer_id, product_id, added_at, removed_at)
VALUES (13, 401, '2025-01-08 12:35:00', NULL); -- New Year Sale

INSERT INTO Wishlist (buyer_id, product_id, added_at, removed_at)
VALUES (13, 463, '2025-08-17 15:20:00', NULL); -- Back to School


-- Buyer 14 (order: 2025-03-08) => avoid Womens Day
INSERT INTO Wishlist (buyer_id, product_id, added_at, removed_at)
VALUES (14, 399, '2025-01-12 10:00:00', '2025-02-10 09:00:00'); -- New Year Sale

INSERT INTO Wishlist (buyer_id, product_id, added_at, removed_at)
VALUES (14, 485, '2025-12-20 19:10:00', NULL); -- Year End





INSERT INTO Wishlist (buyer_id, product_id, added_at, removed_at) VALUES (1,  397, '2025-01-02 09:10:00', NULL);
INSERT INTO Wishlist (buyer_id, product_id, added_at, removed_at) VALUES (1,  405, '2025-01-05 12:20:00', '2025-01-16 10:00:00');

INSERT INTO Wishlist (buyer_id, product_id, added_at, removed_at) VALUES (2,  67,  '2024-12-30 11:05:00', NULL);
INSERT INTO Wishlist (buyer_id, product_id, added_at, removed_at) VALUES (2,  407, '2025-01-10 18:25:00', NULL);
INSERT INTO Wishlist (buyer_id, product_id, added_at, removed_at) VALUES (3,  402, '2025-01-07 14:10:00', NULL);
INSERT INTO Wishlist (buyer_id, product_id, added_at, removed_at) VALUES (3,  404, '2025-01-12 20:05:00', '2025-01-20 11:00:00');

INSERT INTO Wishlist (buyer_id, product_id, added_at, removed_at) VALUES (4,  400, '2025-01-04 16:30:00', NULL);
INSERT INTO Wishlist (buyer_id, product_id, added_at, removed_at) VALUES (4,  401, '2025-01-08 13:00:00', NULL);
INSERT INTO Wishlist (buyer_id, product_id, added_at, removed_at) VALUES (4,  403, '2025-01-14 19:10:00', NULL);

INSERT INTO Wishlist (buyer_id, product_id, added_at, removed_at) VALUES (5,  406, '2025-01-09 21:15:00', NULL);
INSERT INTO Wishlist (buyer_id, product_id, added_at, removed_at) VALUES (5,  472, '2025-01-14 11:00:00', '2025-02-01 09:00:00');


-- ===== Womens Day (2025-03-01 .. 2025-03-08) =====
INSERT INTO Wishlist (buyer_id, product_id, added_at, removed_at) VALUES (6,  58,  '2025-03-02 12:05:00', NULL);
INSERT INTO Wishlist (buyer_id, product_id, added_at, removed_at) VALUES (6,  625, '2025-03-05 15:30:00', NULL);

INSERT INTO Wishlist (buyer_id, product_id, added_at, removed_at) VALUES (7,  63,  '2025-03-01 09:10:00', NULL);
INSERT INTO Wishlist (buyer_id, product_id, added_at, removed_at) VALUES (7,  240, '2025-03-03 14:35:00', NULL);
INSERT INTO Wishlist (buyer_id, product_id, added_at, removed_at) VALUES (7,  248, '2025-03-07 20:10:00', '2025-03-09 11:00:00');

INSERT INTO Wishlist (buyer_id, product_id, added_at, removed_at) VALUES (8,  55,  '2025-02-28 10:45:00', NULL);
INSERT INTO Wishlist (buyer_id, product_id, added_at, removed_at) VALUES (8,  62,  '2025-03-04 16:20:00', NULL);
INSERT INTO Wishlist (buyer_id, product_id, added_at, removed_at) VALUES (8,  630, '2025-03-06 19:05:00', NULL);

INSERT INTO Wishlist (buyer_id, product_id, added_at, removed_at) VALUES (9,  56,  '2025-03-02 11:10:00', NULL);
INSERT INTO Wishlist (buyer_id, product_id, added_at, removed_at) VALUES (9,  626, '2025-03-05 13:50:00', NULL);

INSERT INTO Wishlist (buyer_id, product_id, added_at, removed_at) VALUES (10, 57,  '2025-03-01 10:20:00', NULL);
INSERT INTO Wishlist (buyer_id, product_id, added_at, removed_at) VALUES (10, 64,  '2025-03-03 12:30:00', NULL);
INSERT INTO Wishlist (buyer_id, product_id, added_at, removed_at) VALUES (10, 627, '2025-03-07 21:00:00', NULL);


-- ===== World Book Day (2025-04-20 .. 2025-04-30) =====
INSERT INTO Wishlist (buyer_id, product_id, added_at, removed_at) VALUES (11, 619, '2025-04-19 23:10:00', NULL);
INSERT INTO Wishlist (buyer_id, product_id, added_at, removed_at) VALUES (11, 620, '2025-04-21 10:05:00', NULL);
INSERT INTO Wishlist (buyer_id, product_id, added_at, removed_at) VALUES (11, 624, '2025-04-28 19:40:00', '2025-05-02 09:00:00');

INSERT INTO Wishlist (buyer_id, product_id, added_at, removed_at) VALUES (12, 621, '2025-04-20 09:05:00', NULL);
INSERT INTO Wishlist (buyer_id, product_id, added_at, removed_at) VALUES (12, 622, '2025-04-23 15:20:00', NULL);
INSERT INTO Wishlist (buyer_id, product_id, added_at, removed_at) VALUES (12, 623, '2025-04-29 11:45:00', NULL);

INSERT INTO Wishlist (buyer_id, product_id, added_at, removed_at) VALUES (13, 619, '2025-04-22 18:10:00', NULL);
INSERT INTO Wishlist (buyer_id, product_id, added_at, removed_at) VALUES (13, 622, '2025-04-25 12:15:00', NULL);
INSERT INTO Wishlist (buyer_id, product_id, added_at, removed_at) VALUES (13, 624, '2025-04-30 20:30:00', NULL);


-- ===== Mothers Day (2025-05-01 .. 2025-05-11/12) =====
INSERT INTO Wishlist (buyer_id, product_id, added_at, removed_at) VALUES (14, 36,  '2025-04-30 22:10:00', NULL);
INSERT INTO Wishlist (buyer_id, product_id, added_at, removed_at) VALUES (14, 41,  '2025-05-03 11:10:00', NULL);
INSERT INTO Wishlist (buyer_id, product_id, added_at, removed_at) VALUES (14, 249, '2025-05-05 16:05:00', NULL);

INSERT INTO Wishlist (buyer_id, product_id, added_at, removed_at) VALUES (15, 37,  '2025-05-01 09:05:00', NULL);
INSERT INTO Wishlist (buyer_id, product_id, added_at, removed_at) VALUES (15, 39,  '2025-05-02 13:20:00', NULL);
INSERT INTO Wishlist (buyer_id, product_id, added_at, removed_at) VALUES (15, 250, '2025-05-06 18:10:00', '2025-05-13 10:00:00');

INSERT INTO Wishlist (buyer_id, product_id, added_at, removed_at) VALUES (16, 42,  '2025-05-04 12:05:00', NULL);
INSERT INTO Wishlist (buyer_id, product_id, added_at, removed_at) VALUES (16, 43,  '2025-05-07 17:40:00', NULL);

INSERT INTO Wishlist (buyer_id, product_id, added_at, removed_at) VALUES (18, 332, '2025-06-10 18:40:00', '2025-06-17 09:30:00');

INSERT INTO Wishlist (buyer_id, product_id, added_at, removed_at) VALUES (19, 241, '2025-06-03 10:10:00', NULL);
INSERT INTO Wishlist (buyer_id, product_id, added_at, removed_at) VALUES (19, 595, '2025-06-08 15:05:00', NULL);
INSERT INTO Wishlist (buyer_id, product_id, added_at, removed_at) VALUES (19, 525, '2025-06-12 19:20:00', NULL);

INSERT INTO Wishlist (buyer_id, product_id, added_at, removed_at) VALUES (20, 332, '2025-06-05 11:25:00', NULL);
INSERT INTO Wishlist (buyer_id, product_id, added_at, removed_at) VALUES (20, 241, '2025-06-10 18:00:00', NULL);
INSERT INTO Wishlist (buyer_id, product_id, added_at, removed_at) VALUES (20, 595, '2025-06-14 20:10:00', '2025-06-18 08:45:00');

-- ===== Back to School (2025-08-15 .. 2025-09-05) =====
INSERT INTO Wishlist (buyer_id, product_id, added_at, removed_at) VALUES (21, 463, '2025-08-18 10:15:00', NULL);
INSERT INTO Wishlist (buyer_id, product_id, added_at, removed_at) VALUES (21, 470, '2025-09-01 19:40:00', NULL);

INSERT INTO Wishlist (buyer_id, product_id, added_at, removed_at) VALUES (22, 457, '2025-08-15 09:05:00', NULL);
INSERT INTO Wishlist (buyer_id, product_id, added_at, removed_at) VALUES (22, 464, '2025-08-20 14:35:00', NULL);
INSERT INTO Wishlist (buyer_id, product_id, added_at, removed_at) VALUES (22, 469, '2025-09-03 12:10:00', '2025-09-10 10:00:00');

INSERT INTO Wishlist (buyer_id, product_id, added_at, removed_at) VALUES (23, 460, '2025-08-16 18:50:00', NULL);
INSERT INTO Wishlist (buyer_id, product_id, added_at, removed_at) VALUES (23, 466, '2025-08-25 19:10:00', NULL);
INSERT INTO Wishlist (buyer_id, product_id, added_at, removed_at) VALUES (23, 468, '2025-09-04 21:05:00', NULL);

INSERT INTO Wishlist (buyer_id, product_id, added_at, removed_at) VALUES (24, 458, '2025-08-19 10:00:00', NULL);
INSERT INTO Wishlist (buyer_id, product_id, added_at, removed_at) VALUES (24, 461, '2025-08-29 11:25:00', NULL);
INSERT INTO Wishlist (buyer_id, product_id, added_at, removed_at) VALUES (24, 467, '2025-09-05 20:50:00', NULL);

INSERT INTO Wishlist (buyer_id, product_id, added_at, removed_at) VALUES (25, 462, '2025-08-15 12:20:00', NULL);
INSERT INTO Wishlist (buyer_id, product_id, added_at, removed_at) VALUES (25, 465, '2025-08-22 16:40:00', NULL);


-- ===== Black Friday (2025-11-24 .. 2025-11-30) =====
INSERT INTO Wishlist (buyer_id, product_id, added_at, removed_at) VALUES (26, 21,  '2025-11-23 20:10:00', NULL);
INSERT INTO Wishlist (buyer_id, product_id, added_at, removed_at) VALUES (26, 81,  '2025-11-24 09:05:00', NULL);
INSERT INTO Wishlist (buyer_id, product_id, added_at, removed_at) VALUES (26, 169, '2025-11-28 18:55:00', NULL);

INSERT INTO Wishlist (buyer_id, product_id, added_at, removed_at) VALUES (27, 30,  '2025-11-24 13:20:00', NULL);
INSERT INTO Wishlist (buyer_id, product_id, added_at, removed_at) VALUES (27, 88,  '2025-11-26 11:40:00', NULL);
INSERT INTO Wishlist (buyer_id, product_id, added_at, removed_at) VALUES (27, 242, '2025-11-29 13:10:00', '2025-12-02 10:00:00');

INSERT INTO Wishlist (buyer_id, product_id, added_at, removed_at) VALUES (28, 164, '2025-11-24 10:30:00', NULL);
INSERT INTO Wishlist (buyer_id, product_id, added_at, removed_at) VALUES (28, 170, '2025-11-27 15:15:00', NULL);
INSERT INTO Wishlist (buyer_id, product_id, added_at, removed_at) VALUES (28, 247, '2025-11-30 20:40:00', NULL);

INSERT INTO Wishlist (buyer_id, product_id, added_at, removed_at) VALUES (29, 22,  '2025-11-24 09:45:00', NULL);
INSERT INTO Wishlist (buyer_id, product_id, added_at, removed_at) VALUES (29, 167, '2025-11-27 16:55:00', NULL);
INSERT INTO Wishlist (buyer_id, product_id, added_at, removed_at) VALUES (29, 641, '2025-11-29 21:05:00', NULL);

INSERT INTO Wishlist (buyer_id, product_id, added_at, removed_at) VALUES (30, 83,  '2025-11-25 19:00:00', NULL);
INSERT INTO Wishlist (buyer_id, product_id, added_at, removed_at) VALUES (30, 86,  '2025-11-26 12:10:00', NULL);


-- ===== Year End Sale (2025-12-01 .. 2025-12-31) =====
INSERT INTO Wishlist (buyer_id, product_id, added_at, removed_at) VALUES (31, 471, '2025-12-01 10:20:00', NULL);
INSERT INTO Wishlist (buyer_id, product_id, added_at, removed_at) VALUES (31, 478, '2025-12-12 13:05:00', NULL);
INSERT INTO Wishlist (buyer_id, product_id, added_at, removed_at) VALUES (31, 631, '2025-12-20 18:50:00', NULL);

INSERT INTO Wishlist (buyer_id, product_id, added_at, removed_at) VALUES (32, 486, '2025-12-05 16:10:00', NULL);
INSERT INTO Wishlist (buyer_id, product_id, added_at, removed_at) VALUES (32, 635, '2025-12-18 13:05:00', NULL);
INSERT INTO Wishlist (buyer_id, product_id, added_at, removed_at) VALUES (32, 488, '2025-12-31 21:40:00', '2026-01-02 12:00:00');

INSERT INTO Wishlist (buyer_id, product_id, added_at, removed_at) VALUES (33, 474, '2025-12-08 19:05:00', NULL);
INSERT INTO Wishlist (buyer_id, product_id, added_at, removed_at) VALUES (33, 636, '2025-12-10 21:10:00', NULL);
INSERT INTO Wishlist (buyer_id, product_id, added_at, removed_at) VALUES (33, 632, '2025-12-22 14:40:00', NULL);

INSERT INTO Wishlist (buyer_id, product_id, added_at, removed_at) VALUES (34, 472, '2025-12-02 10:20:00', NULL);
INSERT INTO Wishlist (buyer_id, product_id, added_at, removed_at) VALUES (34, 480, '2025-12-04 14:30:00', NULL);
INSERT INTO Wishlist (buyer_id, product_id, added_at, removed_at) VALUES (34, 633, '2025-12-15 12:00:00', '2025-12-28 10:00:00');


-- ===== Mixed (discount ağırlıklı ama 1 tane discountsuz örnek de serpiştirdim) =====
-- (Discount listende olmayan ürünleri "normal wishlist" gibi kullandım: 12, 29, 300, 436 vb.)
INSERT INTO Wishlist (buyer_id, product_id, added_at, removed_at) VALUES (35, 456, '2025-08-15 09:10:00', NULL);
INSERT INTO Wishlist (buyer_id, product_id, added_at, removed_at) VALUES (35, 12,  '2025-08-18 12:35:00', NULL); 

INSERT INTO Wishlist (buyer_id, product_id, added_at, removed_at) VALUES (36, 81,  '2025-11-24 09:30:00', NULL);
INSERT INTO Wishlist (buyer_id, product_id, added_at, removed_at) VALUES (36, 170, '2025-11-28 11:15:00', NULL);

INSERT INTO Wishlist (buyer_id, product_id, added_at, removed_at) VALUES (37, 619, '2025-04-20 10:15:00', NULL);
INSERT INTO Wishlist (buyer_id, product_id, added_at, removed_at) VALUES (37, 300, '2025-04-26 17:05:00', '2025-05-01 09:00:00'); -- discountsuz, sonra kaldırdı

INSERT INTO Wishlist (buyer_id, product_id, added_at, removed_at) VALUES (38, 36,  '2025-05-01 09:25:00', NULL);
INSERT INTO Wishlist (buyer_id, product_id, added_at, removed_at) VALUES (38, 41,  '2025-05-05 15:40:00', NULL);
INSERT INTO Wishlist (buyer_id, product_id, added_at, removed_at) VALUES (38, 251, '2025-05-12 14:30:00', NULL);

INSERT INTO Wishlist (buyer_id, product_id, added_at, removed_at) VALUES (39, 471, '2025-12-01 10:20:00', NULL);
INSERT INTO Wishlist (buyer_id, product_id, added_at, removed_at) VALUES (39, 488, '2025-12-10 15:05:00', NULL);
INSERT INTO Wishlist (buyer_id, product_id, added_at, removed_at) VALUES (39, 436, '2025-12-20 18:50:00', '2025-12-27 10:00:00'); -- discountsuz

------------------------
-- Buyer 21 (order: 2025-10-19)
-------------------------
INSERT INTO Wishlist (buyer_id, product_id, added_at, removed_at) VALUES (21, 81,  '2025-10-26 10:10:00', NULL);
INSERT INTO Wishlist (buyer_id, product_id, added_at, removed_at) VALUES (21, 82,  '2025-10-29 14:40:00', NULL);
INSERT INTO Wishlist (buyer_id, product_id, added_at, removed_at) VALUES (21, 164, '2025-11-02 11:05:00', NULL);
INSERT INTO Wishlist (buyer_id, product_id, added_at, removed_at) VALUES (21, 637, '2025-11-10 16:55:00', NULL);
INSERT INTO Wishlist (buyer_id, product_id, added_at, removed_at) VALUES (21, 245, '2025-11-14 13:25:00', '2025-11-20 21:10:00');

--------------------
-- Buyer 22 (order: 2025-10-20)
-------------------------
INSERT INTO Wishlist (buyer_id, product_id, added_at, removed_at) VALUES (22, 88,  '2025-10-27 09:35:00', NULL);
INSERT INTO Wishlist (buyer_id, product_id, added_at, removed_at) VALUES (22, 165, '2025-10-31 12:10:00', NULL);
INSERT INTO Wishlist (buyer_id, product_id, added_at, removed_at) VALUES (22, 170, '2025-11-04 15:40:00', NULL);
INSERT INTO Wishlist (buyer_id, product_id, added_at, removed_at) VALUES (22, 243, '2025-11-08 10:05:00', NULL); -- amount BF
INSERT INTO Wishlist (buyer_id, product_id, added_at, removed_at) VALUES (22, 246, '2025-11-16 10:30:00', '2025-11-20 22:00:00');

-------------------------
-- Buyer 23 (order: 2025-10-21)
-------------------------
INSERT INTO Wishlist (buyer_id, product_id, added_at, removed_at) VALUES (23, 21,  '2025-10-28 11:45:00', NULL);
INSERT INTO Wishlist (buyer_id, product_id, added_at, removed_at) VALUES (23, 83,  '2025-11-01 09:20:00', NULL);
INSERT INTO Wishlist (buyer_id, product_id, added_at, removed_at) VALUES (23, 166, '2025-11-05 16:10:00', NULL);
INSERT INTO Wishlist (buyer_id, product_id, added_at, removed_at) VALUES (23, 244, '2025-11-09 14:35:00', NULL);
INSERT INTO Wishlist (buyer_id, product_id, added_at, removed_at) VALUES (23, 642, '2025-11-13 10:30:00', NULL);
INSERT INTO Wishlist (buyer_id, product_id, added_at, removed_at) VALUES (23, 247, '2025-11-17 19:10:00', '2025-11-20 23:00:00');

-------------------------
-- Buyer 24 (order: 2025-10-22)
-------------------------
INSERT INTO Wishlist (buyer_id, product_id, added_at, removed_at) VALUES (24, 22,  '2025-10-29 10:15:00', NULL);
INSERT INTO Wishlist (buyer_id, product_id, added_at, removed_at) VALUES (24, 84,  '2025-11-02 14:40:00', NULL);
INSERT INTO Wishlist (buyer_id, product_id, added_at, removed_at) VALUES (24, 168, '2025-11-06 19:00:00', NULL);
INSERT INTO Wishlist (buyer_id, product_id, added_at, removed_at) VALUES (24, 638, '2025-11-14 09:35:00', NULL);
INSERT INTO Wishlist (buyer_id, product_id, added_at, removed_at) VALUES (24, 245, '2025-11-17 18:55:00', '2025-11-20 21:30:00');


-------------------------
-- Buyer 25 (order: 2025-10-23)
-------------------------
INSERT INTO Wishlist (buyer_id, product_id, added_at, removed_at) VALUES (25, 30,  '2025-10-30 09:10:00', NULL);
INSERT INTO Wishlist (buyer_id, product_id, added_at, removed_at) VALUES (25, 85,  '2025-11-03 16:25:00', NULL);
INSERT INTO Wishlist (buyer_id, product_id, added_at, removed_at) VALUES (25, 169, '2025-11-07 11:40:00', NULL);
INSERT INTO Wishlist (buyer_id, product_id, added_at, removed_at) VALUES (25, 246, '2025-11-11 18:20:00', NULL);
INSERT INTO Wishlist (buyer_id, product_id, added_at, removed_at) VALUES (25, 637, '2025-11-15 10:05:00', NULL);
INSERT INTO Wishlist (buyer_id, product_id, added_at, removed_at) VALUES (25, 244, '2025-11-18 20:25:00', '2025-11-20 22:45:00');

-------------------------
-- Buyer 26 (order: 2025-10-24)
-------------------------
INSERT INTO Wishlist (buyer_id, product_id, added_at, removed_at) VALUES (26, 88,  '2025-10-31 12:10:00', NULL);
INSERT INTO Wishlist (buyer_id, product_id, added_at, removed_at) VALUES (26, 167, '2025-11-04 10:20:00', NULL);
INSERT INTO Wishlist (buyer_id, product_id, added_at, removed_at) VALUES (26, 170, '2025-11-08 19:30:00', NULL);
INSERT INTO Wishlist (buyer_id, product_id, added_at, removed_at) VALUES (26, 243, '2025-11-12 14:05:00', NULL);
INSERT INTO Wishlist (buyer_id, product_id, added_at, removed_at) VALUES (26, 640, '2025-11-16 16:40:00', NULL);
INSERT INTO Wishlist (buyer_id, product_id, added_at, removed_at) VALUES (26, 247, '2025-11-18 12:00:00', '2025-11-20 21:00:00');
-- non-discount
INSERT INTO Wishlist (buyer_id, product_id, added_at, removed_at) VALUES (26, 7,   '2025-11-01 12:45:00', NULL);
INSERT INTO Wishlist (buyer_id, product_id, added_at, removed_at) VALUES (26, 16,  '2025-11-19 20:05:00', NULL);

-------------------------
-- Buyer 27 (order: 2025-10-26)
-------------------------
INSERT INTO Wishlist (buyer_id, product_id, added_at, removed_at) VALUES (27, 81,  '2025-11-02 10:10:00', NULL);
INSERT INTO Wishlist (buyer_id, product_id, added_at, removed_at) VALUES (27, 82,  '2025-11-06 14:30:00', NULL);
INSERT INTO Wishlist (buyer_id, product_id, added_at, removed_at) VALUES (27, 164, '2025-11-10 11:05:00', NULL);
INSERT INTO Wishlist (buyer_id, product_id, added_at, removed_at) VALUES (27, 641, '2025-11-16 10:25:00', NULL);
INSERT INTO Wishlist (buyer_id, product_id, added_at, removed_at) VALUES (27, 246, '2025-11-18 19:45:00', '2025-11-20 23:10:00');
-- non-discount
INSERT INTO Wishlist (buyer_id, product_id, added_at, removed_at) VALUES (27, 5,   '2025-11-03 18:20:00', NULL);

-------------------------
-- Buyer 28 (order: 2025-10-27)
-------------------------
INSERT INTO Wishlist (buyer_id, product_id, added_at, removed_at) VALUES (28, 21,  '2025-11-03 10:20:00', NULL);
INSERT INTO Wishlist (buyer_id, product_id, added_at, removed_at) VALUES (28, 88,  '2025-11-07 14:40:00', NULL);
INSERT INTO Wishlist (buyer_id, product_id, added_at, removed_at) VALUES (28, 168, '2025-11-11 18:05:00', NULL);
INSERT INTO Wishlist (buyer_id, product_id, added_at, removed_at) VALUES (28, 244, '2025-11-14 12:30:00', NULL);
INSERT INTO Wishlist (buyer_id, product_id, added_at, removed_at) VALUES (28, 642, '2025-11-17 09:20:00', NULL);
INSERT INTO Wishlist (buyer_id, product_id, added_at, removed_at) VALUES (28, 245, '2025-11-18 22:10:00', '2025-11-20 22:55:00');
-- non-discount
INSERT INTO Wishlist (buyer_id, product_id, added_at, removed_at) VALUES (28, 19,  '2025-11-04 16:15:00', NULL);
INSERT INTO Wishlist (buyer_id, product_id, added_at, removed_at) VALUES (28, 12,  '2025-11-19 11:25:00', NULL);























